Order Id,Order Date,Ship Date,Customer Id,Customer Name,Customer Segment,Product Id,Product Name,Category,Region,State,City,Quantity,Unit Price,Discount %,Sales Amount,Cost Price,Profit,Payment Mode,Delivery Status,Supplier Name,Supplier Email,Stock Left,Reorder Point,Auto Reorder,Reorder Quantity
ORD1000,10-10-2024,16-10-2024,CUST1271,Elijah Bobal,Corporate,PROD1004,Dining Table,Furniture,North,Tamil Nadu,Bally,8,13253,5,100722.8,4559.47,64247.04,Net Banking,Delivered,Khosla and Sons,bhagatcaleb@gaba-ravi.com,53,23,No,0
ORD1001,13-11-2024,15-11-2024,CUST1279,Gagan Raj,Consumer,PROD1008,File Folder,Office Supplies,North,Uttar Pradesh,Tadipatri,4,1640,0,6560.0,1112.22,2111.12,Net Banking,Pending,Majumdar-Kala,ykhanna@anne-rama.net,87,28,No,0
ORD1002,15-08-2023,19-08-2023,CUST1139,Wakeeta Date,Home Office,PROD1014,Monitor,Electronics,North,Goa,Begusarai,2,7430,20,11888.0,2466.9,6954.2,Net Banking,Delivered,Bawa LLC,xpant@nadkarni.com,55,27,No,0
ORD1003,12-05-2024,17-05-2024,CUST1287,Brijesh Bakshi,Consumer,PROD1016,Cooking Oil,Grocery,West,Uttar Pradesh,Howrah,9,4479,0,40311.0,2868.85,14491.35,UPI,Delivered,Mann LLC,gilljhalak@dhaliwal.com,13,25,Yes,47
ORD1004,27-10-2025,30-10-2025,CUST1056,Balvan Thakur,Corporate,PROD1002,Sofa,Furniture,North,Bihar,Morena,4,10208,0,40832.0,6313.28,15578.88,UPI,Delivered,"Mistry, Sarkar and Madan",lataanmol@varughese-lanka.net,86,19,No,0
ORD1005,10-03-2023,15-03-2023,CUST1297,Arjun Murthy,Corporate,PROD1005,Pen,Office Supplies,West,Nagaland,Junagadh,4,5109,10,18392.4,1994.08,10416.08,Cash,Pending,Swaminathan PLC,jaichopra@nadig-dube.net,76,18,No,0
ORD1006,29-01-2023,31-01-2023,CUST1018,Lucky Grewal,Corporate,PROD1014,Monitor,Electronics,West,Andhra Pradesh,Moradabad,10,7430,5,70585.0,2466.9,45916.0,Net Banking,Returned,Hari-Sehgal,harishrege@karpe.net,55,27,No,0
ORD1007,01-04-2023,04-04-2023,CUST1215,Pahal Chowdhury,Home Office,PROD1016,Cooking Oil,Grocery,North,Maharashtra,Karawal Nagar,5,4479,15,19035.75,2868.85,4691.5,Net Banking,Delivered,"Amble, Bhargava and Rau",warindersharaf@ramanathan.com,13,25,Yes,47
ORD1008,19-09-2025,23-09-2025,CUST1242,Vivaan Chandra,Consumer,PROD1004,Dining Table,Furniture,North,Sikkim,Aligarh,10,13253,15,112650.5,4559.47,67055.8,Cash,Returned,Arya-Malhotra,jeremiah96@de.com,53,23,No,0
ORD1009,02-12-2024,08-12-2024,CUST1003,Falan Aurora,Consumer,PROD1006,Notebook,Office Supplies,West,Chhattisgarh,Shimoga,10,12362,5,117439.0,4997.68,67462.2,Credit Card,Cancelled,Ben Ltd,gunbir50@kuruvilla.com,100,24,No,0
ORD1010,27-02-2025,02-03-2025,CUST1209,Zehaan Seth,Corporate,PROD1014,Monitor,Electronics,West,Rajasthan,Gudivada,2,7430,15,12631.0,2466.9,7697.2,Credit Card,Returned,"Rajagopalan, Bains and Shere",mwalia@chhabra.net,55,27,No,0
ORD1011,10-05-2023,11-05-2023,CUST1261,Janani Sama,Corporate,PROD1016,Cooking Oil,Grocery,East,Chhattisgarh,Warangal,8,4479,5,34040.4,2868.85,11089.6,Cash,Cancelled,Dube-Mander,vchoudhry@dhar.com,13,25,Yes,47
ORD1012,28-05-2024,02-06-2024,CUST1274,Indira Gole,Home Office,PROD1002,Sofa,Furniture,East,Uttarakhand,Giridih,5,10208,20,40832.0,6313.28,9265.6,Cash,Pending,Wali-Choudhry,gaurika24@banerjee.org,86,19,No,0
ORD1013,28-04-2025,02-05-2025,CUST1055,Bhavani Kapur,Home Office,PROD1005,Pen,Office Supplies,East,Sikkim,South Dumdum,6,5109,0,30654.0,1994.08,18689.52,Net Banking,Delivered,"Bera, Dutta and Saraf",htata@sharaf-loyal.com,76,18,No,0
ORD1014,26-02-2023,28-02-2023,CUST1287,Brijesh Bakshi,Consumer,PROD1013,Headphones,Electronics,North,Uttar Pradesh,Howrah,3,5858,0,17574.0,3406.43,7354.71,UPI,Pending,Bal-Goel,banikgautam@kuruvilla.net,41,24,No,0
ORD1015,15-09-2025,17-09-2025,CUST1201,Owen Pandey,Home Office,PROD1015,Rice Bag,Grocery,West,Arunachal Pradesh,Anand,1,11182,20,8945.6,8707.28,238.32,Cash,Cancelled,Gill Group,tanvi56@sangha-parsa.org,15,28,Yes,49
ORD1016,07-09-2023,11-09-2023,CUST1080,Janya Taneja,Home Office,PROD1004,Dining Table,Furniture,East,Bihar,Nellore,4,13253,0,53012.0,4559.47,34774.12,UPI,Delivered,Kulkarni Ltd,pallavi25@sarma-minhas.com,53,23,No,0
ORD1017,19-03-2023,24-03-2023,CUST1067,Avni Comar,Consumer,PROD1005,Pen,Office Supplies,East,Kerala,Munger,3,5109,5,14560.65,1994.08,8578.41,Credit Card,Cancelled,"More, Parmer and Dey",vgola@balakrishnan-sarin.net,76,18,No,0
ORD1018,29-08-2025,02-09-2025,CUST1167,Pallavi Mishra,Home Office,PROD1014,Monitor,Electronics,North,Uttarakhand,Ozhukarai,3,7430,20,17832.0,2466.9,10431.3,Cash,Pending,Sethi-Natarajan,dinhredhaan@sodhi-mani.info,55,27,No,0
ORD1019,30-12-2024,06-01-2025,CUST1066,William Raval,Corporate,PROD1016,Cooking Oil,Grocery,North,Andhra Pradesh,Kolhapur,6,4479,10,24186.6,2868.85,6973.5,Cash,Cancelled,"Vig, Purohit and Saraf",lnarula@edwin-dalal.com,13,25,Yes,47
ORD1020,14-04-2025,15-04-2025,CUST1017,Diya Mander,Corporate,PROD1001,Study Table,Furniture,South,Uttar Pradesh,Gorakhpur,8,4700,15,31960.0,3230.55,6115.6,UPI,Cancelled,"Bhargava, Oommen and Sethi",khannanirja@gopal.info,94,28,No,0
ORD1021,10-02-2025,17-02-2025,CUST1138,Aishani Loke,Consumer,PROD1006,Notebook,Office Supplies,North,Sikkim,Ratlam,6,12362,5,70463.4,4997.68,40477.32,Credit Card,Pending,Raval-Sani,bariaodika@sane.com,100,24,No,0
ORD1022,14-03-2023,21-03-2023,CUST1099,Champak Chander,Corporate,PROD1011,Keyboard,Electronics,South,Jharkhand,Kadapa,2,4734,20,7574.4,2786.2,2002.0,UPI,Cancelled,Buch and Sons,balizaitra@chada.info,45,23,No,0
ORD1023,22-12-2024,24-12-2024,CUST1189,Radha Maharaj,Corporate,PROD1016,Cooking Oil,Grocery,North,Maharashtra,Ambala,8,4479,15,30457.2,2868.85,7506.4,Cash,Returned,Mahal-Oza,omyabaral@rajagopal.com,13,25,Yes,47
ORD1024,05-09-2023,06-09-2023,CUST1019,Irya Chokshi,Corporate,PROD1004,Dining Table,Furniture,South,Chhattisgarh,Bathinda,6,13253,20,63614.4,4559.47,36257.58,Net Banking,Pending,Srivastava Ltd,viraj89@shan.net,53,23,No,0
ORD1025,05-08-2024,11-08-2024,CUST1199,Jagvi Natt,Home Office,PROD1016,Cooking Oil,Grocery,South,Maharashtra,Davanagere,2,4479,20,7166.4,2868.85,1428.7,Cash,Cancelled,Gill Group,tanvi56@sangha-parsa.org,13,25,Yes,47
ORD1026,29-07-2023,02-08-2023,CUST1202,Vihaan Mannan,Corporate,PROD1016,Cooking Oil,Grocery,West,Gujarat,Chittoor,10,4479,5,42550.5,2868.85,13862.0,UPI,Delivered,"Amble, Bhargava and Rau",warindersharaf@ramanathan.com,13,25,Yes,47
ORD1027,04-03-2025,09-03-2025,CUST1107,Januja Sodhi,Consumer,PROD1008,File Folder,Office Supplies,West,Nagaland,Bettiah,8,1640,0,13120.0,1112.22,4222.24,UPI,Delivered,Raval-Sani,bariaodika@sane.com,87,28,No,0
ORD1028,10-10-2024,16-10-2024,CUST1194,Gopal Subramanian,Home Office,PROD1015,Rice Bag,Grocery,East,Assam,Sambhal,8,11182,5,84983.2,8707.28,15324.96,UPI,Cancelled,"Amble, Bhargava and Rau",warindersharaf@ramanathan.com,15,28,Yes,49
ORD1029,20-09-2023,24-09-2023,CUST1049,Ucchal Balakrishnan,Corporate,PROD1004,Dining Table,Furniture,North,Rajasthan,Pondicherry,9,13253,10,107349.3,4559.47,66314.07,Cash,Pending,Srivastava Ltd,viraj89@shan.net,53,23,No,0
ORD1030,14-04-2023,19-04-2023,CUST1051,Neel Basu,Home Office,PROD1015,Rice Bag,Grocery,North,Andhra Pradesh,Bulandshahr,6,11182,20,53673.6,8707.28,1429.92,Cash,Pending,"Vig, Purohit and Saraf",lnarula@edwin-dalal.com,15,28,Yes,49
ORD1031,19-04-2024,21-04-2024,CUST1078,Amrita Narayan,Home Office,PROD1010,Laptop,Electronics,North,Punjab,Bhalswa Jahangir Pur,8,6866,15,46688.8,3602.05,17872.4,Credit Card,Delivered,Hari-Sehgal,harishrege@karpe.net,15,31,Yes,41
ORD1032,20-10-2025,21-10-2025,CUST1244,Janya Bhattacharyya,Consumer,PROD1005,Pen,Office Supplies,North,Uttar Pradesh,Allahabad,7,5109,5,33974.85,1994.08,20016.29,Credit Card,Pending,Swaminathan PLC,jaichopra@nadig-dube.net,76,18,No,0
ORD1033,18-03-2024,25-03-2024,CUST1230,Indrajit Madan,Home Office,PROD1005,Pen,Office Supplies,South,Uttar Pradesh,Gudivada,6,5109,20,24523.2,1994.08,12558.72,Net Banking,Cancelled,Raval-Sani,bariaodika@sane.com,76,18,No,0
ORD1034,22-08-2025,28-08-2025,CUST1166,Isaiah Khurana,Home Office,PROD1001,Study Table,Furniture,West,Tamil Nadu,Kurnool,9,4700,20,33840.0,3230.55,4765.05,Cash,Pending,Srivastava Ltd,viraj89@shan.net,94,28,No,0
ORD1035,27-08-2024,03-09-2024,CUST1294,Ekiya Loyal,Consumer,PROD1002,Sofa,Furniture,North,Assam,Chandrapur,10,10208,5,96976.0,6313.28,33843.2,UPI,Pending,Kulkarni Ltd,pallavi25@sarma-minhas.com,86,19,No,0
ORD1036,25-06-2023,30-06-2023,CUST1085,Yahvi Vyas,Corporate,PROD1002,Sofa,Furniture,West,West Bengal,Thane,3,10208,0,30624.0,6313.28,11684.16,Cash,Pending,Wali-Choudhry,gaurika24@banerjee.org,86,19,No,0
ORD1037,05-01-2023,07-01-2023,CUST1087,Tanay Sem,Consumer,PROD1015,Rice Bag,Grocery,North,Nagaland,Ramgarh,3,11182,20,26836.8,8707.28,714.96,UPI,Returned,Mahal-Oza,omyabaral@rajagopal.com,15,28,Yes,49
ORD1038,01-12-2023,06-12-2023,CUST1043,Shivani Deep,Corporate,PROD1004,Dining Table,Furniture,West,Manipur,Firozabad,7,13253,10,83493.9,4559.47,51577.61,Credit Card,Delivered,"Mistry, Sarkar and Madan",lataanmol@varughese-lanka.net,53,23,No,0
ORD1039,14-10-2025,16-10-2025,CUST1129,Vritti Deep,Home Office,PROD1015,Rice Bag,Grocery,West,Assam,Ichalkaranji,8,11182,20,71564.8,8707.28,1906.56,UPI,Delivered,"Amble, Bhargava and Rau",warindersharaf@ramanathan.com,15,28,Yes,49
ORD1040,25-07-2023,31-07-2023,CUST1080,Janya Taneja,Home Office,PROD1004,Dining Table,Furniture,West,Bihar,Nellore,4,13253,20,42409.6,4559.47,24171.72,Cash,Pending,"Bhargava, Oommen and Sethi",khannanirja@gopal.info,53,23,No,0
ORD1041,28-12-2025,02-01-2026,CUST1201,Owen Pandey,Home Office,PROD1012,Mouse,Electronics,West,Arunachal Pradesh,Anand,2,6429,10,11572.2,4008.17,3555.86,Credit Card,Returned,Buch and Sons,balizaitra@chada.info,76,29,No,0
ORD1042,26-05-2025,29-05-2025,CUST1020,Siya Nayak,Consumer,PROD1015,Rice Bag,Grocery,South,Maharashtra,Pudukkottai,9,11182,10,90574.2,8707.28,12208.68,UPI,Delivered,Dube-Mander,vchoudhry@dhar.com,15,28,Yes,49
ORD1043,17-12-2024,23-12-2024,CUST1111,Chanchal Pathak,Consumer,PROD1015,Rice Bag,Grocery,South,Assam,Rohtak,7,11182,15,66532.9,8707.28,5581.94,Cash,Cancelled,"Amble, Bhargava and Rau",warindersharaf@ramanathan.com,15,28,Yes,49
ORD1044,07-01-2025,13-01-2025,CUST1023,Priya Grover,Home Office,PROD1013,Headphones,Electronics,North,Madhya Pradesh,Rampur,10,5858,0,58580.0,3406.43,24515.7,UPI,Returned,Bawa LLC,xpant@nadkarni.com,41,24,No,0
ORD1045,16-05-2024,23-05-2024,CUST1093,Jai Patla,Corporate,PROD1014,Monitor,Electronics,West,Arunachal Pradesh,Katni,6,7430,10,40122.0,2466.9,25320.6,Cash,Returned,Bawa LLC,xpant@nadkarni.com,55,27,No,0
ORD1046,18-07-2024,25-07-2024,CUST1214,Advik Dugar,Consumer,PROD1003,Bookshelf,Furniture,North,Punjab,Pallavaram,5,12860,5,61085.0,8267.37,19748.15,Cash,Returned,"Mistry, Sarkar and Madan",lataanmol@varughese-lanka.net,69,21,No,0
ORD1047,24-12-2024,31-12-2024,CUST1294,Ekiya Loyal,Consumer,PROD1013,Headphones,Electronics,South,Assam,Chandrapur,6,5858,10,31633.2,3406.43,11194.62,UPI,Pending,Hari-Sehgal,harishrege@karpe.net,41,24,No,0
ORD1048,05-09-2023,06-09-2023,CUST1235,Faras Gola,Home Office,PROD1002,Sofa,Furniture,East,Meghalaya,Rajpur Sonarpur,4,10208,0,40832.0,6313.28,15578.88,UPI,Pending,Khosla and Sons,bhagatcaleb@gaba-ravi.com,86,19,No,0
ORD1049,14-10-2023,19-10-2023,CUST1194,Gopal Subramanian,Home Office,PROD1008,File Folder,Office Supplies,South,Assam,Sambhal,10,1640,5,15580.0,1112.22,4457.8,UPI,Delivered,Raval-Sani,bariaodika@sane.com,87,28,No,0
ORD1050,05-10-2025,11-10-2025,CUST1242,Vivaan Chandra,Consumer,PROD1015,Rice Bag,Grocery,East,Sikkim,Aligarh,8,11182,5,84983.2,8707.28,15324.96,Net Banking,Cancelled,"Amble, Bhargava and Rau",warindersharaf@ramanathan.com,15,28,Yes,49
ORD1051,03-01-2024,10-01-2024,CUST1015,Qabil Chaudhary,Corporate,PROD1016,Cooking Oil,Grocery,East,Punjab,Noida,6,4479,20,21499.2,2868.85,4286.1,UPI,Delivered,Dube-Mander,vchoudhry@dhar.com,13,25,Yes,47
ORD1052,18-04-2023,22-04-2023,CUST1164,Laksh Prasad,Consumer,PROD1005,Pen,Office Supplies,East,Goa,Salem,10,5109,10,45981.0,1994.08,26040.2,Credit Card,Cancelled,Raval-Sani,bariaodika@sane.com,76,18,No,0
ORD1053,28-05-2023,01-06-2023,CUST1237,Jonathan Modi,Corporate,PROD1014,Monitor,Electronics,West,Tripura,Bhubaneswar,10,7430,5,70585.0,2466.9,45916.0,Cash,Pending,Hari-Sehgal,harishrege@karpe.net,55,27,No,0
ORD1054,26-08-2025,30-08-2025,CUST1027,Meera Dada,Home Office,PROD1016,Cooking Oil,Grocery,West,Rajasthan,Nagercoil,8,4479,10,32248.8,2868.85,9298.0,Cash,Returned,Dube-Mander,vchoudhry@dhar.com,13,25,Yes,47
ORD1055,28-04-2023,29-04-2023,CUST1104,Garima Lalla,Consumer,PROD1013,Headphones,Electronics,East,Uttarakhand,Pune,7,5858,10,36905.4,3406.43,13060.39,Cash,Pending,Sethi-Natarajan,dinhredhaan@sodhi-mani.info,41,24,No,0
ORD1056,16-09-2023,19-09-2023,CUST1225,Vivaan Nagar,Corporate,PROD1006,Notebook,Office Supplies,West,Maharashtra,Jorhat,6,12362,20,59337.6,4997.68,29351.52,Cash,Delivered,Swaminathan PLC,jaichopra@nadig-dube.net,100,24,No,0
ORD1057,03-11-2025,05-11-2025,CUST1295,Ucchal Barman,Consumer,PROD1000,Office Chairs,Furniture,South,Meghalaya,Ichalkaranji,10,10918,5,103721.0,4093.13,62789.7,UPI,Delivered,"Mistry, Sarkar and Madan",lataanmol@varughese-lanka.net,11,32,Yes,50
ORD1058,14-06-2024,16-06-2024,CUST1098,Ubika Gole,Corporate,PROD1008,File Folder,Office Supplies,West,Maharashtra,Sagar,7,1640,5,10906.0,1112.22,3120.46,Cash,Returned,"Bera, Dutta and Saraf",htata@sharaf-loyal.com,87,28,No,0
ORD1059,26-03-2025,31-03-2025,CUST1258,Jagvi Chander,Consumer,PROD1007,Stapler,Office Supplies,North,Tripura,Nagaon,1,10905,5,10359.75,8458.2,1901.55,UPI,Pending,Majumdar-Kala,ykhanna@anne-rama.net,14,31,Yes,34
ORD1060,30-07-2023,05-08-2023,CUST1191,Lajita Varghese,Home Office,PROD1015,Rice Bag,Grocery,South,Telangana,Karnal,2,11182,10,20127.6,8707.28,2713.04,Cash,Delivered,Mann LLC,gilljhalak@dhaliwal.com,15,28,Yes,49
ORD1061,10-10-2023,15-10-2023,CUST1212,David Gara,Corporate,PROD1014,Monitor,Electronics,East,Goa,Hindupur,9,7430,15,56839.5,2466.9,34637.4,Cash,Returned,"Rajagopalan, Bains and Shere",mwalia@chhabra.net,55,27,No,0
ORD1062,19-10-2023,21-10-2023,CUST1250,Darika Malhotra,Home Office,PROD1013,Headphones,Electronics,West,Chhattisgarh,Amritsar,5,5858,0,29290.0,3406.43,12257.85,Net Banking,Pending,Buch and Sons,balizaitra@chada.info,41,24,No,0
ORD1063,10-11-2024,15-11-2024,CUST1165,Abha Zachariah,Consumer,PROD1015,Rice Bag,Grocery,East,Goa,Parbhani,3,11182,15,28514.1,8707.28,2392.26,UPI,Delivered,Dube-Mander,vchoudhry@dhar.com,15,28,Yes,49
ORD1064,25-01-2025,01-02-2025,CUST1097,Samar Oza,Home Office,PROD1016,Cooking Oil,Grocery,West,Meghalaya,Vadodara,9,4479,15,34264.35,2868.85,8444.7,Net Banking,Cancelled,"Vig, Purohit and Saraf",lnarula@edwin-dalal.com,13,25,Yes,47
ORD1065,06-07-2025,10-07-2025,CUST1235,Faras Gola,Home Office,PROD1005,Pen,Office Supplies,North,Meghalaya,Rajpur Sonarpur,1,5109,15,4342.65,1994.08,2348.57,Cash,Pending,Raval-Sani,bariaodika@sane.com,76,18,No,0
ORD1066,09-09-2025,16-09-2025,CUST1049,Ucchal Balakrishnan,Corporate,PROD1009,Calculator,Office Supplies,East,Rajasthan,Pondicherry,6,14475,10,78165.0,10128.45,17394.3,Credit Card,Cancelled,Majumdar-Kala,ykhanna@anne-rama.net,81,19,No,0
ORD1067,16-02-2023,23-02-2023,CUST1133,Wazir Andra,Home Office,PROD1015,Rice Bag,Grocery,West,Mizoram,Hazaribagh,10,11182,20,89456.0,8707.28,2383.2,Credit Card,Delivered,Dube-Mander,vchoudhry@dhar.com,15,28,Yes,49
ORD1068,02-05-2025,09-05-2025,CUST1282,Xavier Wali,Corporate,PROD1012,Mouse,Electronics,West,West Bengal,Belgaum,3,6429,20,15429.6,4008.17,3405.09,UPI,Cancelled,Buch and Sons,balizaitra@chada.info,76,29,No,0
ORD1069,27-08-2023,31-08-2023,CUST1212,David Gara,Corporate,PROD1004,Dining Table,Furniture,South,Goa,Hindupur,6,13253,15,67590.3,4559.47,40233.48,UPI,Delivered,Kulkarni Ltd,pallavi25@sarma-minhas.com,53,23,No,0
ORD1070,23-12-2025,25-12-2025,CUST1117,Gunbir Sahni,Home Office,PROD1007,Stapler,Office Supplies,South,Odisha,Erode,2,10905,15,18538.5,8458.2,1622.1,Net Banking,Pending,Ben Ltd,gunbir50@kuruvilla.com,14,31,Yes,34
ORD1071,30-04-2024,06-05-2024,CUST1237,Jonathan Modi,Corporate,PROD1011,Keyboard,Electronics,South,Tripura,Bhubaneswar,8,4734,0,37872.0,2786.2,15582.4,Net Banking,Pending,Sethi-Natarajan,dinhredhaan@sodhi-mani.info,45,23,No,0
ORD1072,27-01-2025,30-01-2025,CUST1014,Jagat Sura,Corporate,PROD1009,Calculator,Office Supplies,West,Meghalaya,Bulandshahr,7,14475,15,86126.25,10128.45,15227.1,UPI,Delivered,Swaminathan PLC,jaichopra@nadig-dube.net,81,19,No,0
ORD1073,18-07-2023,19-07-2023,CUST1024,Vasana Viswanathan,Home Office,PROD1015,Rice Bag,Grocery,South,Odisha,Ludhiana,10,11182,15,95047.0,8707.28,7974.2,Net Banking,Delivered,Gill Group,tanvi56@sangha-parsa.org,15,28,Yes,49
ORD1074,07-10-2023,10-10-2023,CUST1176,Riya Kalla,Corporate,PROD1009,Calculator,Office Supplies,South,Punjab,Machilipatnam,10,14475,15,123037.5,10128.45,21753.0,UPI,Pending,"Bera, Dutta and Saraf",htata@sharaf-loyal.com,81,19,No,0
ORD1075,27-04-2025,02-05-2025,CUST1240,Shivansh Khalsa,Corporate,PROD1011,Keyboard,Electronics,West,Haryana,Raurkela Industrial Township,1,4734,10,4260.6,2786.2,1474.4,Net Banking,Cancelled,Bal-Goel,banikgautam@kuruvilla.net,45,23,No,0
ORD1076,14-05-2024,17-05-2024,CUST1060,Yatin Lala,Home Office,PROD1013,Headphones,Electronics,North,Kerala,Indore,1,5858,10,5272.2,3406.43,1865.77,Cash,Pending,Hari-Sehgal,harishrege@karpe.net,41,24,No,0
ORD1077,01-06-2023,03-06-2023,CUST1065,Yashasvi Kaul,Corporate,PROD1007,Stapler,Office Supplies,South,Andhra Pradesh,Karawal Nagar,6,10905,0,65430.0,8458.2,14680.8,Cash,Delivered,Majumdar-Kala,ykhanna@anne-rama.net,14,31,Yes,34
ORD1078,09-04-2025,14-04-2025,CUST1181,Adweta Bir,Corporate,PROD1016,Cooking Oil,Grocery,North,Himachal Pradesh,Tadepalligudem,7,4479,5,29785.35,2868.85,9703.4,Credit Card,Returned,Mahal-Oza,omyabaral@rajagopal.com,13,25,Yes,47
ORD1079,19-05-2025,26-05-2025,CUST1067,Avni Comar,Consumer,PROD1007,Stapler,Office Supplies,North,Kerala,Munger,10,10905,10,98145.0,8458.2,13563.0,Cash,Returned,Ben Ltd,gunbir50@kuruvilla.com,14,31,Yes,34
ORD1080,10-07-2025,16-07-2025,CUST1123,Balendra Sani,Corporate,PROD1002,Sofa,Furniture,West,Uttar Pradesh,Singrauli,1,10208,15,8676.8,6313.28,2363.52,Net Banking,Cancelled,Arya-Malhotra,jeremiah96@de.com,86,19,No,0
ORD1081,04-06-2024,06-06-2024,CUST1167,Pallavi Mishra,Home Office,PROD1011,Keyboard,Electronics,East,Uttarakhand,Ozhukarai,5,4734,5,22486.5,2786.2,8555.5,UPI,Cancelled,Sethi-Natarajan,dinhredhaan@sodhi-mani.info,45,23,No,0
ORD1082,10-02-2024,14-02-2024,CUST1191,Lajita Varghese,Home Office,PROD1010,Laptop,Electronics,North,Telangana,Karnal,5,6866,10,30897.0,3602.05,12886.75,UPI,Returned,Buch and Sons,balizaitra@chada.info,15,31,Yes,41
ORD1083,13-10-2024,14-10-2024,CUST1080,Janya Taneja,Home Office,PROD1003,Bookshelf,Furniture,South,Bihar,Nellore,2,12860,5,24434.0,8267.37,7899.26,Net Banking,Returned,Khosla and Sons,bhagatcaleb@gaba-ravi.com,69,21,No,0
ORD1084,03-11-2024,07-11-2024,CUST1277,Hemang Kapur,Consumer,PROD1006,Notebook,Office Supplies,West,Haryana,Guntakal,6,12362,15,63046.2,4997.68,33060.12,Net Banking,Pending,Raval-Sani,bariaodika@sane.com,100,24,No,0
ORD1085,17-02-2025,18-02-2025,CUST1260,Harsh Kohli,Corporate,PROD1007,Stapler,Office Supplies,West,Kerala,Chandrapur,8,10905,10,78516.0,8458.2,10850.4,Credit Card,Cancelled,Ben Ltd,gunbir50@kuruvilla.com,14,31,Yes,34
ORD1086,15-02-2023,18-02-2023,CUST1191,Lajita Varghese,Home Office,PROD1010,Laptop,Electronics,East,Telangana,Karnal,10,6866,10,61794.0,3602.05,25773.5,UPI,Pending,Bal-Goel,banikgautam@kuruvilla.net,15,31,Yes,41
ORD1087,24-12-2024,27-12-2024,CUST1009,Varsha Wali,Consumer,PROD1008,File Folder,Office Supplies,East,Kerala,Bhimavaram,5,1640,15,6970.0,1112.22,1408.9,Credit Card,Delivered,Ben Ltd,gunbir50@kuruvilla.com,87,28,No,0
ORD1088,04-12-2025,11-12-2025,CUST1197,Aarini Parmer,Corporate,PROD1014,Monitor,Electronics,East,Gujarat,Gandhinagar,2,7430,0,14860.0,2466.9,9926.2,Credit Card,Delivered,Bal-Goel,banikgautam@kuruvilla.net,55,27,No,0
ORD1089,31-01-2024,05-02-2024,CUST1097,Samar Oza,Home Office,PROD1001,Study Table,Furniture,North,Meghalaya,Vadodara,6,4700,5,26790.0,3230.55,7406.7,Cash,Returned,Srivastava Ltd,viraj89@shan.net,94,28,No,0
ORD1090,30-03-2024,03-04-2024,CUST1228,Nikita Deshmukh,Consumer,PROD1015,Rice Bag,Grocery,South,Maharashtra,Kolkata,8,11182,20,71564.8,8707.28,1906.56,Net Banking,Delivered,"Amble, Bhargava and Rau",warindersharaf@ramanathan.com,15,28,Yes,49
ORD1091,02-09-2024,08-09-2024,CUST1261,Janani Sama,Corporate,PROD1005,Pen,Office Supplies,West,Chhattisgarh,Warangal,8,5109,10,36784.8,1994.08,20832.16,UPI,Returned,Swaminathan PLC,jaichopra@nadig-dube.net,76,18,No,0
ORD1092,24-05-2023,25-05-2023,CUST1130,Chaitaly Srinivas,Home Office,PROD1015,Rice Bag,Grocery,West,Rajasthan,Medininagar,5,11182,10,50319.0,8707.28,6782.6,Credit Card,Returned,Mann LLC,gilljhalak@dhaliwal.com,15,28,Yes,49
ORD1093,13-04-2024,18-04-2024,CUST1227,Damini Chowdhury,Consumer,PROD1015,Rice Bag,Grocery,North,Nagaland,Dewas,9,11182,5,95606.1,8707.28,17240.58,UPI,Delivered,Dube-Mander,vchoudhry@dhar.com,15,28,Yes,49
ORD1094,08-03-2025,12-03-2025,CUST1293,Samar Baria,Home Office,PROD1005,Pen,Office Supplies,East,Madhya Pradesh,Bokaro,10,5109,20,40872.0,1994.08,20931.2,Net Banking,Returned,"Bera, Dutta and Saraf",htata@sharaf-loyal.com,76,18,No,0
ORD1095,01-02-2025,04-02-2025,CUST1178,Jhalak Kanda,Consumer,PROD1002,Sofa,Furniture,East,Arunachal Pradesh,Silchar,10,10208,0,102080.0,6313.28,38947.2,UPI,Pending,Srivastava Ltd,viraj89@shan.net,86,19,No,0
ORD1096,28-11-2024,03-12-2024,CUST1191,Lajita Varghese,Home Office,PROD1012,Mouse,Electronics,South,Telangana,Karnal,7,6429,15,38252.55,4008.17,10195.36,Cash,Delivered,Bawa LLC,xpant@nadkarni.com,76,29,No,0
ORD1097,25-01-2024,01-02-2024,CUST1083,Rayaan Solanki,Consumer,PROD1001,Study Table,Furniture,South,Rajasthan,Pali,4,4700,0,18800.0,3230.55,5877.8,Credit Card,Cancelled,Srivastava Ltd,viraj89@shan.net,94,28,No,0
ORD1098,25-05-2025,31-05-2025,CUST1029,Mason Sridhar,Home Office,PROD1006,Notebook,Office Supplies,South,Meghalaya,Ambarnath,9,12362,20,89006.4,4997.68,44027.28,Cash,Returned,Ben Ltd,gunbir50@kuruvilla.com,100,24,No,0
ORD1099,05-07-2024,08-07-2024,CUST1148,Megha Sangha,Consumer,PROD1005,Pen,Office Supplies,West,Gujarat,Muzaffarnagar,8,5109,15,34741.2,1994.08,18788.56,Cash,Delivered,Raval-Sani,bariaodika@sane.com,76,18,No,0
ORD1100,22-09-2023,23-09-2023,CUST1190,Samuel Kannan,Corporate,PROD1015,Rice Bag,Grocery,West,Manipur,Gorakhpur,10,11182,0,111820.0,8707.28,24747.2,Credit Card,Cancelled,Dube-Mander,vchoudhry@dhar.com,15,28,Yes,49
ORD1101,02-02-2024,07-02-2024,CUST1064,Hemal Bhavsar,Corporate,PROD1001,Study Table,Furniture,East,Tamil Nadu,Kollam,5,4700,0,23500.0,3230.55,7347.25,UPI,Cancelled,Wali-Choudhry,gaurika24@banerjee.org,94,28,No,0
ORD1102,21-12-2023,27-12-2023,CUST1080,Janya Taneja,Home Office,PROD1016,Cooking Oil,Grocery,West,Bihar,Nellore,6,4479,15,22842.9,2868.85,5629.8,UPI,Cancelled,Dube-Mander,vchoudhry@dhar.com,13,25,Yes,47
ORD1103,15-06-2024,20-06-2024,CUST1289,Ekiya Bhavsar,Corporate,PROD1012,Mouse,Electronics,West,Bihar,Khammam,8,6429,5,48860.4,4008.17,16795.04,Credit Card,Returned,Hari-Sehgal,harishrege@karpe.net,76,29,No,0
ORD1104,12-04-2023,16-04-2023,CUST1252,Manya Kari,Consumer,PROD1010,Laptop,Electronics,East,Kerala,Vijayawada,8,6866,20,43942.4,3602.05,15126.0,Cash,Cancelled,Bawa LLC,xpant@nadkarni.com,15,31,Yes,41
ORD1105,19-01-2025,26-01-2025,CUST1089,Chakradhar Bera,Home Office,PROD1002,Sofa,Furniture,East,Arunachal Pradesh,Proddatur,10,10208,0,102080.0,6313.28,38947.2,UPI,Delivered,Kulkarni Ltd,pallavi25@sarma-minhas.com,86,19,No,0
ORD1106,07-06-2024,11-06-2024,CUST1108,Tristan Karan,Consumer,PROD1015,Rice Bag,Grocery,West,Assam,Bhilwara,1,11182,10,10063.8,8707.28,1356.52,Net Banking,Cancelled,"Vig, Purohit and Saraf",lnarula@edwin-dalal.com,15,28,Yes,49
ORD1107,31-07-2023,05-08-2023,CUST1159,Zaid Gola,Corporate,PROD1002,Sofa,Furniture,East,Madhya Pradesh,Howrah,7,10208,0,71456.0,6313.28,27263.04,Credit Card,Cancelled,Srivastava Ltd,viraj89@shan.net,86,19,No,0
ORD1108,23-12-2025,30-12-2025,CUST1238,Ikshita Sandal,Home Office,PROD1016,Cooking Oil,Grocery,East,Tripura,Agra,1,4479,10,4031.1,2868.85,1162.25,Credit Card,Returned,Mahal-Oza,omyabaral@rajagopal.com,13,25,Yes,47
ORD1109,20-01-2024,27-01-2024,CUST1133,Wazir Andra,Home Office,PROD1014,Monitor,Electronics,East,Mizoram,Hazaribagh,7,7430,0,52010.0,2466.9,34741.7,UPI,Delivered,Sethi-Natarajan,dinhredhaan@sodhi-mani.info,55,27,No,0
ORD1110,10-12-2023,14-12-2023,CUST1055,Bhavani Kapur,Home Office,PROD1016,Cooking Oil,Grocery,North,Sikkim,South Dumdum,9,4479,15,34264.35,2868.85,8444.7,Cash,Delivered,Gill Group,tanvi56@sangha-parsa.org,13,25,Yes,47
ORD1111,07-04-2024,13-04-2024,CUST1204,Upadhriti Bajwa,Corporate,PROD1002,Sofa,Furniture,West,Arunachal Pradesh,Akola,6,10208,10,55123.2,6313.28,17243.52,Net Banking,Returned,Arya-Malhotra,jeremiah96@de.com,86,19,No,0
ORD1112,27-01-2024,31-01-2024,CUST1226,Kamala Tiwari,Consumer,PROD1012,Mouse,Electronics,West,Telangana,Bhavnagar,10,6429,20,51432.0,4008.17,11350.3,Net Banking,Cancelled,Sethi-Natarajan,dinhredhaan@sodhi-mani.info,76,29,No,0
ORD1113,01-11-2025,04-11-2025,CUST1020,Siya Nayak,Consumer,PROD1006,Notebook,Office Supplies,South,Maharashtra,Pudukkottai,3,12362,10,33377.4,4997.68,18384.36,Credit Card,Pending,Ben Ltd,gunbir50@kuruvilla.com,100,24,No,0
ORD1114,25-05-2024,27-05-2024,CUST1248,Chanchal Cherian,Home Office,PROD1007,Stapler,Office Supplies,West,Punjab,Coimbatore,3,10905,10,29443.5,8458.2,4068.9,Net Banking,Pending,Swaminathan PLC,jaichopra@nadig-dube.net,14,31,Yes,34
ORD1115,18-05-2025,24-05-2025,CUST1146,Aradhana Varma,Home Office,PROD1016,Cooking Oil,Grocery,East,Manipur,Kolhapur,9,4479,15,34264.35,2868.85,8444.7,Cash,Pending,"Amble, Bhargava and Rau",warindersharaf@ramanathan.com,13,25,Yes,47
ORD1116,14-10-2024,16-10-2024,CUST1195,Chandani Kadakia,Corporate,PROD1016,Cooking Oil,Grocery,North,Uttar Pradesh,Dehradun,8,4479,20,28665.6,2868.85,5714.8,UPI,Pending,"Vig, Purohit and Saraf",lnarula@edwin-dalal.com,13,25,Yes,47
ORD1117,17-03-2023,24-03-2023,CUST1269,Nathan Raja,Home Office,PROD1006,Notebook,Office Supplies,South,Odisha,Satara,10,12362,5,117439.0,4997.68,67462.2,UPI,Pending,Ben Ltd,gunbir50@kuruvilla.com,100,24,No,0
ORD1118,25-02-2025,27-02-2025,CUST1141,Bhanumati Ghosh,Consumer,PROD1013,Headphones,Electronics,North,Telangana,Imphal,8,5858,20,37491.2,3406.43,10239.76,Cash,Returned,"Rajagopalan, Bains and Shere",mwalia@chhabra.net,41,24,No,0
ORD1119,19-12-2025,20-12-2025,CUST1035,Jalsa Nagi,Home Office,PROD1016,Cooking Oil,Grocery,West,Karnataka,Ramagundam,9,4479,15,34264.35,2868.85,8444.7,Net Banking,Delivered,Dube-Mander,vchoudhry@dhar.com,13,25,Yes,47
ORD1120,27-02-2025,06-03-2025,CUST1066,William Raval,Corporate,PROD1012,Mouse,Electronics,West,Andhra Pradesh,Kolhapur,4,6429,15,21858.6,4008.17,5825.92,Credit Card,Delivered,Buch and Sons,balizaitra@chada.info,76,29,No,0
ORD1121,12-11-2023,18-11-2023,CUST1125,Kamala Uppal,Corporate,PROD1011,Keyboard,Electronics,West,Tamil Nadu,Jamalpur,8,4734,20,30297.6,2786.2,8008.0,UPI,Returned,Bal-Goel,banikgautam@kuruvilla.net,45,23,No,0
ORD1122,10-06-2025,16-06-2025,CUST1159,Zaid Gola,Corporate,PROD1016,Cooking Oil,Grocery,East,Madhya Pradesh,Howrah,8,4479,15,30457.2,2868.85,7506.4,UPI,Cancelled,Gill Group,tanvi56@sangha-parsa.org,13,25,Yes,47
ORD1123,08-12-2024,14-12-2024,CUST1174,Arunima Ganesh,Home Office,PROD1007,Stapler,Office Supplies,West,Mizoram,Munger,2,10905,0,21810.0,8458.2,4893.6,Cash,Returned,Raval-Sani,bariaodika@sane.com,14,31,Yes,34
ORD1124,24-10-2024,27-10-2024,CUST1230,Indrajit Madan,Home Office,PROD1006,Notebook,Office Supplies,North,Uttar Pradesh,Gudivada,5,12362,5,58719.5,4997.68,33731.1,Credit Card,Cancelled,Majumdar-Kala,ykhanna@anne-rama.net,100,24,No,0
ORD1125,12-09-2024,13-09-2024,CUST1136,Nirja Ganguly,Corporate,PROD1016,Cooking Oil,Grocery,South,Chhattisgarh,Chennai,2,4479,10,8062.2,2868.85,2324.5,UPI,Delivered,"Amble, Bhargava and Rau",warindersharaf@ramanathan.com,13,25,Yes,47
ORD1126,14-09-2025,19-09-2025,CUST1293,Samar Baria,Home Office,PROD1005,Pen,Office Supplies,North,Madhya Pradesh,Bokaro,3,5109,0,15327.0,1994.08,9344.76,Cash,Returned,Raval-Sani,bariaodika@sane.com,76,18,No,0
ORD1127,30-01-2025,31-01-2025,CUST1029,Mason Sridhar,Home Office,PROD1005,Pen,Office Supplies,East,Meghalaya,Ambarnath,6,5109,15,26055.9,1994.08,14091.42,Credit Card,Delivered,Ben Ltd,gunbir50@kuruvilla.com,76,18,No,0
ORD1128,03-02-2023,07-02-2023,CUST1292,Yasti Menon,Corporate,PROD1002,Sofa,Furniture,North,Andhra Pradesh,Hosur,9,10208,15,78091.2,6313.28,21271.68,Net Banking,Pending,Khosla and Sons,bhagatcaleb@gaba-ravi.com,86,19,No,0
ORD1129,29-10-2023,30-10-2023,CUST1259,Balhaar Vohra,Home Office,PROD1016,Cooking Oil,Grocery,North,Goa,Nellore,9,4479,5,38295.45,2868.85,12475.8,Net Banking,Delivered,Mann LLC,gilljhalak@dhaliwal.com,13,25,Yes,47
ORD1130,01-05-2025,06-05-2025,CUST1034,Zansi Goel,Consumer,PROD1003,Bookshelf,Furniture,South,West Bengal,Gandhidham,5,12860,15,54655.0,8267.37,13318.15,Cash,Pending,"Bhargava, Oommen and Sethi",khannanirja@gopal.info,69,21,No,0
ORD1131,19-06-2023,22-06-2023,CUST1288,Zayyan Chaudry,Home Office,PROD1015,Rice Bag,Grocery,North,Kerala,Karaikudi,10,11182,10,100638.0,8707.28,13565.2,Net Banking,Returned,Mahal-Oza,omyabaral@rajagopal.com,15,28,Yes,49
ORD1132,12-06-2023,18-06-2023,CUST1283,Yoshita Sagar,Corporate,PROD1016,Cooking Oil,Grocery,North,Bihar,South Dumdum,10,4479,5,42550.5,2868.85,13862.0,Net Banking,Returned,Dube-Mander,vchoudhry@dhar.com,13,25,Yes,47
ORD1133,25-03-2025,30-03-2025,CUST1055,Bhavani Kapur,Home Office,PROD1016,Cooking Oil,Grocery,North,Sikkim,South Dumdum,10,4479,5,42550.5,2868.85,13862.0,Net Banking,Cancelled,Mann LLC,gilljhalak@dhaliwal.com,13,25,Yes,47
ORD1134,20-09-2024,26-09-2024,CUST1154,Aryan Hegde,Consumer,PROD1006,Notebook,Office Supplies,South,Manipur,Shahjahanpur,5,12362,20,49448.0,4997.68,24459.6,UPI,Delivered,Majumdar-Kala,ykhanna@anne-rama.net,100,24,No,0
ORD1135,25-11-2023,27-11-2023,CUST1043,Shivani Deep,Corporate,PROD1002,Sofa,Furniture,North,Manipur,Firozabad,6,10208,10,55123.2,6313.28,17243.52,Net Banking,Returned,Kulkarni Ltd,pallavi25@sarma-minhas.com,86,19,No,0
ORD1136,11-03-2024,14-03-2024,CUST1145,Diya Kulkarni,Home Office,PROD1014,Monitor,Electronics,North,Himachal Pradesh,Kota,8,7430,10,53496.0,2466.9,33760.8,UPI,Cancelled,Hari-Sehgal,harishrege@karpe.net,55,27,No,0
ORD1137,08-07-2023,14-07-2023,CUST1073,Abha Wali,Home Office,PROD1007,Stapler,Office Supplies,North,Haryana,Kamarhati,4,10905,10,39258.0,8458.2,5425.2,Cash,Cancelled,"More, Parmer and Dey",vgola@balakrishnan-sarin.net,14,31,Yes,34
ORD1138,09-09-2025,11-09-2025,CUST1293,Samar Baria,Home Office,PROD1015,Rice Bag,Grocery,East,Madhya Pradesh,Bokaro,4,11182,0,44728.0,8707.28,9898.88,Credit Card,Returned,"Amble, Bhargava and Rau",warindersharaf@ramanathan.com,15,28,Yes,49
ORD1139,12-02-2024,13-02-2024,CUST1139,Wakeeta Date,Home Office,PROD1005,Pen,Office Supplies,North,Goa,Begusarai,8,5109,5,38828.4,1994.08,22875.76,Net Banking,Pending,Swaminathan PLC,jaichopra@nadig-dube.net,76,18,No,0
ORD1140,08-02-2025,13-02-2025,CUST1084,Manan Mall,Consumer,PROD1005,Pen,Office Supplies,South,Maharashtra,Amroha,2,5109,10,9196.2,1994.08,5208.04,Cash,Cancelled,Ben Ltd,gunbir50@kuruvilla.com,76,18,No,0
ORD1141,23-12-2025,27-12-2025,CUST1163,Advika Loyal,Home Office,PROD1015,Rice Bag,Grocery,West,Madhya Pradesh,Sambhal,8,11182,0,89456.0,8707.28,19797.76,Credit Card,Returned,Dube-Mander,vchoudhry@dhar.com,15,28,Yes,49
ORD1142,15-08-2023,19-08-2023,CUST1289,Ekiya Bhavsar,Corporate,PROD1008,File Folder,Office Supplies,South,Bihar,Khammam,5,1640,5,7790.0,1112.22,2228.9,Credit Card,Cancelled,Majumdar-Kala,ykhanna@anne-rama.net,87,28,No,0
ORD1143,08-08-2025,15-08-2025,CUST1275,Ansh Karnik,Consumer,PROD1004,Dining Table,Furniture,East,Sikkim,Rourkela,9,13253,20,95421.6,4559.47,54386.37,Credit Card,Returned,Wali-Choudhry,gaurika24@banerjee.org,53,23,No,0
ORD1144,01-08-2025,02-08-2025,CUST1131,Andrew Kala,Home Office,PROD1016,Cooking Oil,Grocery,North,Gujarat,Kadapa,3,4479,20,10749.6,2868.85,2143.05,Cash,Pending,"Amble, Bhargava and Rau",warindersharaf@ramanathan.com,13,25,Yes,47
ORD1145,27-09-2024,29-09-2024,CUST1128,Baghyawati Barad,Home Office,PROD1013,Headphones,Electronics,South,Jharkhand,Tirupati,6,5858,10,31633.2,3406.43,11194.62,UPI,Returned,Buch and Sons,balizaitra@chada.info,41,24,No,0
ORD1146,12-01-2023,18-01-2023,CUST1219,Janya Mistry,Consumer,PROD1002,Sofa,Furniture,South,Jharkhand,Nizamabad,4,10208,15,34707.2,6313.28,9454.08,UPI,Delivered,Kulkarni Ltd,pallavi25@sarma-minhas.com,86,19,No,0
ORD1147,10-03-2023,15-03-2023,CUST1291,Anthony Kanda,Home Office,PROD1003,Bookshelf,Furniture,West,Goa,Kochi,7,12860,15,76517.0,8267.37,18645.41,UPI,Cancelled,"Bhargava, Oommen and Sethi",khannanirja@gopal.info,69,21,No,0
ORD1148,16-06-2025,17-06-2025,CUST1007,Diya Badal,Consumer,PROD1009,Calculator,Office Supplies,South,Telangana,Patna,9,14475,20,104220.0,10128.45,13063.95,Credit Card,Delivered,Swaminathan PLC,jaichopra@nadig-dube.net,81,19,No,0
ORD1149,01-10-2023,08-10-2023,CUST1104,Garima Lalla,Consumer,PROD1006,Notebook,Office Supplies,North,Uttarakhand,Pune,1,12362,20,9889.6,4997.68,4891.92,Cash,Cancelled,"Bera, Dutta and Saraf",htata@sharaf-loyal.com,100,24,No,0
ORD1150,18-02-2025,23-02-2025,CUST1151,Praneel Bhandari,Consumer,PROD1015,Rice Bag,Grocery,South,Uttarakhand,Satara,10,11182,10,100638.0,8707.28,13565.2,Credit Card,Cancelled,Mahal-Oza,omyabaral@rajagopal.com,15,28,Yes,49
ORD1151,09-11-2023,12-11-2023,CUST1101,Qabil Gola,Home Office,PROD1002,Sofa,Furniture,East,Nagaland,Gopalpur,9,10208,10,82684.8,6313.28,25865.28,Credit Card,Delivered,Khosla and Sons,bhagatcaleb@gaba-ravi.com,86,19,No,0
ORD1152,14-06-2024,17-06-2024,CUST1021,Henry Singhal,Home Office,PROD1006,Notebook,Office Supplies,South,Madhya Pradesh,Shimla,10,12362,0,123620.0,4997.68,73643.2,Credit Card,Pending,Raval-Sani,bariaodika@sane.com,100,24,No,0
ORD1153,12-06-2023,15-06-2023,CUST1015,Qabil Chaudhary,Corporate,PROD1005,Pen,Office Supplies,West,Punjab,Noida,3,5109,15,13027.95,1994.08,7045.71,Cash,Pending,"More, Parmer and Dey",vgola@balakrishnan-sarin.net,76,18,No,0
ORD1154,23-10-2025,28-10-2025,CUST1037,Luke Keer,Corporate,PROD1012,Mouse,Electronics,North,Manipur,Anantapur,6,6429,10,34716.6,4008.17,10667.58,Cash,Returned,Sethi-Natarajan,dinhredhaan@sodhi-mani.info,76,29,No,0
ORD1155,05-07-2025,09-07-2025,CUST1051,Neel Basu,Home Office,PROD1009,Calculator,Office Supplies,North,Andhra Pradesh,Bulandshahr,7,14475,20,81060.0,10128.45,10160.85,Net Banking,Delivered,"More, Parmer and Dey",vgola@balakrishnan-sarin.net,81,19,No,0
ORD1156,06-12-2024,12-12-2024,CUST1062,Devansh Dara,Corporate,PROD1010,Laptop,Electronics,East,Sikkim,Durgapur,6,6866,15,35016.6,3602.05,13404.3,Credit Card,Delivered,Hari-Sehgal,harishrege@karpe.net,15,31,Yes,41
ORD1157,01-09-2023,03-09-2023,CUST1273,Sneha Gokhale,Corporate,PROD1009,Calculator,Office Supplies,East,Assam,Mangalore,4,14475,15,49215.0,10128.45,8701.2,UPI,Returned,Swaminathan PLC,jaichopra@nadig-dube.net,81,19,No,0
ORD1158,17-09-2024,19-09-2024,CUST1008,Vihaan Goswami,Consumer,PROD1000,Office Chairs,Furniture,South,Meghalaya,Thrissur,6,10918,10,58957.2,4093.13,34398.42,Credit Card,Returned,Khosla and Sons,bhagatcaleb@gaba-ravi.com,11,32,Yes,50
ORD1159,03-09-2025,06-09-2025,CUST1237,Jonathan Modi,Corporate,PROD1016,Cooking Oil,Grocery,East,Tripura,Bhubaneswar,3,4479,5,12765.15,2868.85,4158.6,Cash,Pending,Mahal-Oza,omyabaral@rajagopal.com,13,25,Yes,47
ORD1160,24-05-2023,28-05-2023,CUST1085,Yahvi Vyas,Corporate,PROD1009,Calculator,Office Supplies,North,West Bengal,Thane,10,14475,10,130275.0,10128.45,28990.5,UPI,Cancelled,Majumdar-Kala,ykhanna@anne-rama.net,81,19,No,0
ORD1161,13-11-2025,14-11-2025,CUST1068,Eiravati Bali,Home Office,PROD1005,Pen,Office Supplies,South,Rajasthan,South Dumdum,10,5109,0,51090.0,1994.08,31149.2,Credit Card,Returned,Ben Ltd,gunbir50@kuruvilla.com,76,18,No,0
ORD1162,18-09-2025,23-09-2025,CUST1006,Anthony Nath,Home Office,PROD1012,Mouse,Electronics,North,Maharashtra,Ghaziabad,4,6429,0,25716.0,4008.17,9683.32,Cash,Pending,Buch and Sons,balizaitra@chada.info,76,29,No,0
ORD1163,20-03-2024,24-03-2024,CUST1012,Thomas Amble,Consumer,PROD1015,Rice Bag,Grocery,West,Maharashtra,Mysore,2,11182,5,21245.8,8707.28,3831.24,Credit Card,Cancelled,Dube-Mander,vchoudhry@dhar.com,15,28,Yes,49
ORD1164,13-02-2024,19-02-2024,CUST1127,Girindra Khatri,Consumer,PROD1001,Study Table,Furniture,South,Gujarat,Chinsurah,1,4700,5,4465.0,3230.55,1234.45,UPI,Cancelled,Arya-Malhotra,jeremiah96@de.com,94,28,No,0
ORD1165,28-04-2023,04-05-2023,CUST1229,Aayush Parikh,Consumer,PROD1000,Office Chairs,Furniture,West,Karnataka,Indore,2,10918,10,19652.4,4093.13,11466.14,Credit Card,Cancelled,Khosla and Sons,bhagatcaleb@gaba-ravi.com,11,32,Yes,50
ORD1166,28-12-2023,30-12-2023,CUST1053,Radhika Muni,Home Office,PROD1003,Bookshelf,Furniture,South,Arunachal Pradesh,Bhiwani,2,12860,5,24434.0,8267.37,7899.26,Net Banking,Returned,Khosla and Sons,bhagatcaleb@gaba-ravi.com,69,21,No,0
ORD1167,16-05-2024,18-05-2024,CUST1145,Diya Kulkarni,Home Office,PROD1005,Pen,Office Supplies,North,Himachal Pradesh,Kota,8,5109,0,40872.0,1994.08,24919.36,UPI,Pending,"More, Parmer and Dey",vgola@balakrishnan-sarin.net,76,18,No,0
ORD1168,01-10-2025,06-10-2025,CUST1087,Tanay Sem,Consumer,PROD1000,Office Chairs,Furniture,South,Nagaland,Ramgarh,3,10918,10,29478.6,4093.13,17199.21,Net Banking,Delivered,Arya-Malhotra,jeremiah96@de.com,11,32,Yes,50
ORD1169,04-11-2024,10-11-2024,CUST1132,Harita Sha,Home Office,PROD1008,File Folder,Office Supplies,East,Meghalaya,Sambalpur,3,1640,10,4428.0,1112.22,1091.34,Cash,Returned,"More, Parmer and Dey",vgola@balakrishnan-sarin.net,87,28,No,0
ORD1170,07-05-2023,09-05-2023,CUST1084,Manan Mall,Consumer,PROD1003,Bookshelf,Furniture,West,Maharashtra,Amroha,3,12860,5,36651.0,8267.37,11848.89,Net Banking,Delivered,Srivastava Ltd,viraj89@shan.net,69,21,No,0
ORD1171,14-03-2023,19-03-2023,CUST1221,Gayathri Manda,Home Office,PROD1000,Office Chairs,Furniture,East,Telangana,Ratlam,5,10918,0,54590.0,4093.13,34124.35,UPI,Returned,Arya-Malhotra,jeremiah96@de.com,11,32,Yes,50
ORD1172,29-04-2024,30-04-2024,CUST1219,Janya Mistry,Consumer,PROD1009,Calculator,Office Supplies,North,Jharkhand,Nizamabad,1,14475,10,13027.5,10128.45,2899.05,Credit Card,Delivered,Swaminathan PLC,jaichopra@nadig-dube.net,81,19,No,0
ORD1173,20-08-2023,26-08-2023,CUST1136,Nirja Ganguly,Corporate,PROD1006,Notebook,Office Supplies,East,Chhattisgarh,Chennai,7,12362,0,86534.0,4997.68,51550.24,UPI,Delivered,"Bera, Dutta and Saraf",htata@sharaf-loyal.com,100,24,No,0
ORD1174,30-10-2025,05-11-2025,CUST1085,Yahvi Vyas,Corporate,PROD1007,Stapler,Office Supplies,North,West Bengal,Thane,10,10905,0,109050.0,8458.2,24468.0,Cash,Delivered,"More, Parmer and Dey",vgola@balakrishnan-sarin.net,14,31,Yes,34
ORD1175,25-10-2023,26-10-2023,CUST1041,Gopal Dey,Consumer,PROD1012,Mouse,Electronics,South,Himachal Pradesh,Kolhapur,4,6429,20,20572.8,4008.17,4540.12,Credit Card,Delivered,Hari-Sehgal,harishrege@karpe.net,76,29,No,0
ORD1176,03-11-2023,05-11-2023,CUST1173,Krish Kumar,Corporate,PROD1010,Laptop,Electronics,South,Odisha,Chennai,2,6866,10,12358.8,3602.05,5154.7,Credit Card,Pending,Bal-Goel,banikgautam@kuruvilla.net,15,31,Yes,41
ORD1177,09-07-2025,13-07-2025,CUST1138,Aishani Loke,Consumer,PROD1001,Study Table,Furniture,South,Sikkim,Ratlam,10,4700,10,42300.0,3230.55,9994.5,Cash,Pending,Srivastava Ltd,viraj89@shan.net,94,28,No,0
ORD1178,12-05-2024,14-05-2024,CUST1153,Sanya Sahni,Home Office,PROD1002,Sofa,Furniture,South,Bihar,Mango,1,10208,15,8676.8,6313.28,2363.52,Credit Card,Pending,Kulkarni Ltd,pallavi25@sarma-minhas.com,86,19,No,0
ORD1179,06-08-2023,10-08-2023,CUST1292,Yasti Menon,Corporate,PROD1003,Bookshelf,Furniture,East,Andhra Pradesh,Hosur,1,12860,0,12860.0,8267.37,4592.63,Credit Card,Delivered,Wali-Choudhry,gaurika24@banerjee.org,69,21,No,0
ORD1180,20-06-2024,24-06-2024,CUST1063,Faras Karpe,Consumer,PROD1002,Sofa,Furniture,East,Goa,Haldia,1,10208,5,9697.6,6313.28,3384.32,Net Banking,Pending,Khosla and Sons,bhagatcaleb@gaba-ravi.com,86,19,No,0
ORD1181,22-01-2025,25-01-2025,CUST1146,Aradhana Varma,Home Office,PROD1011,Keyboard,Electronics,West,Manipur,Kolhapur,9,4734,15,36215.1,2786.2,11139.3,UPI,Returned,Bawa LLC,xpant@nadkarni.com,45,23,No,0
ORD1182,29-07-2025,31-07-2025,CUST1236,Chandani Buch,Home Office,PROD1000,Office Chairs,Furniture,South,Andhra Pradesh,Thanjavur,9,10918,10,88435.8,4093.13,51597.63,Net Banking,Pending,Khosla and Sons,bhagatcaleb@gaba-ravi.com,11,32,Yes,50
ORD1183,17-05-2023,19-05-2023,CUST1281,Aarush Iyengar,Consumer,PROD1000,Office Chairs,Furniture,East,Odisha,Kochi,4,10918,20,34937.6,4093.13,18565.08,Net Banking,Returned,Khosla and Sons,bhagatcaleb@gaba-ravi.com,11,32,Yes,50
ORD1184,04-08-2024,05-08-2024,CUST1129,Vritti Deep,Home Office,PROD1010,Laptop,Electronics,East,Assam,Ichalkaranji,5,6866,5,32613.5,3602.05,14603.25,Cash,Delivered,Sethi-Natarajan,dinhredhaan@sodhi-mani.info,15,31,Yes,41
ORD1185,06-04-2024,12-04-2024,CUST1229,Aayush Parikh,Consumer,PROD1011,Keyboard,Electronics,South,Karnataka,Indore,1,4734,0,4734.0,2786.2,1947.8,Credit Card,Returned,Bal-Goel,banikgautam@kuruvilla.net,45,23,No,0
ORD1186,09-04-2024,16-04-2024,CUST1210,Aahana Kaur,Consumer,PROD1007,Stapler,Office Supplies,East,Mizoram,Karnal,1,10905,0,10905.0,8458.2,2446.8,Credit Card,Pending,Swaminathan PLC,jaichopra@nadig-dube.net,14,31,Yes,34
ORD1187,22-06-2023,26-06-2023,CUST1205,Patrick Dasgupta,Corporate,PROD1015,Rice Bag,Grocery,North,Himachal Pradesh,Vijayawada,1,11182,5,10622.9,8707.28,1915.62,Net Banking,Returned,Gill Group,tanvi56@sangha-parsa.org,15,28,Yes,49
ORD1188,27-10-2024,02-11-2024,CUST1253,Urvi Som,Corporate,PROD1000,Office Chairs,Furniture,North,Andhra Pradesh,Khandwa,2,10918,20,17468.8,4093.13,9282.54,UPI,Cancelled,Kulkarni Ltd,pallavi25@sarma-minhas.com,11,32,Yes,50
ORD1189,20-09-2024,26-09-2024,CUST1181,Adweta Bir,Corporate,PROD1011,Keyboard,Electronics,West,Himachal Pradesh,Tadepalligudem,5,4734,5,22486.5,2786.2,8555.5,Credit Card,Pending,Sethi-Natarajan,dinhredhaan@sodhi-mani.info,45,23,No,0
ORD1190,29-12-2024,05-01-2025,CUST1005,Edhitha Narain,Home Office,PROD1001,Study Table,Furniture,East,Uttarakhand,Avadi,4,4700,15,15980.0,3230.55,3057.8,Cash,Returned,Srivastava Ltd,viraj89@shan.net,94,28,No,0
ORD1191,26-01-2023,30-01-2023,CUST1068,Eiravati Bali,Home Office,PROD1011,Keyboard,Electronics,East,Rajasthan,South Dumdum,8,4734,15,32191.2,2786.2,9901.6,Net Banking,Delivered,Bawa LLC,xpant@nadkarni.com,45,23,No,0
ORD1192,22-03-2024,23-03-2024,CUST1041,Gopal Dey,Consumer,PROD1009,Calculator,Office Supplies,North,Himachal Pradesh,Kolhapur,7,14475,10,91192.5,10128.45,20293.35,Cash,Pending,Majumdar-Kala,ykhanna@anne-rama.net,81,19,No,0
ORD1193,04-08-2025,06-08-2025,CUST1009,Varsha Wali,Consumer,PROD1006,Notebook,Office Supplies,South,Kerala,Bhimavaram,1,12362,5,11743.9,4997.68,6746.22,Cash,Cancelled,"Bera, Dutta and Saraf",htata@sharaf-loyal.com,100,24,No,0
ORD1194,24-06-2025,27-06-2025,CUST1088,Shivansh Balasubramanian,Corporate,PROD1008,File Folder,Office Supplies,South,Madhya Pradesh,Muzaffarnagar,4,1640,10,5904.0,1112.22,1455.12,Credit Card,Delivered,"More, Parmer and Dey",vgola@balakrishnan-sarin.net,87,28,No,0
ORD1195,14-10-2023,16-10-2023,CUST1240,Shivansh Khalsa,Corporate,PROD1008,File Folder,Office Supplies,North,Haryana,Raurkela Industrial Township,6,1640,5,9348.0,1112.22,2674.68,UPI,Pending,"Bera, Dutta and Saraf",htata@sharaf-loyal.com,87,28,No,0
ORD1196,02-04-2023,05-04-2023,CUST1092,Xalak Datta,Corporate,PROD1011,Keyboard,Electronics,North,Chhattisgarh,Orai,3,4734,0,14202.0,2786.2,5843.4,Credit Card,Delivered,Bawa LLC,xpant@nadkarni.com,45,23,No,0
ORD1197,10-12-2025,14-12-2025,CUST1129,Vritti Deep,Home Office,PROD1012,Mouse,Electronics,West,Assam,Ichalkaranji,8,6429,5,48860.4,4008.17,16795.04,Cash,Delivered,Sethi-Natarajan,dinhredhaan@sodhi-mani.info,76,29,No,0
ORD1198,19-11-2025,25-11-2025,CUST1019,Irya Chokshi,Corporate,PROD1013,Headphones,Electronics,South,Chhattisgarh,Bathinda,4,5858,15,19917.2,3406.43,6291.48,Net Banking,Returned,Sethi-Natarajan,dinhredhaan@sodhi-mani.info,41,24,No,0
ORD1199,23-01-2024,27-01-2024,CUST1292,Yasti Menon,Corporate,PROD1005,Pen,Office Supplies,North,Andhra Pradesh,Hosur,10,5109,5,48535.5,1994.08,28594.7,Net Banking,Pending,Raval-Sani,bariaodika@sane.com,76,18,No,0
ORD1200,07-01-2025,14-01-2025,CUST1220,Madhavi Pathak,Home Office,PROD1015,Rice Bag,Grocery,West,Madhya Pradesh,Muzaffarnagar,7,11182,20,62619.2,8707.28,1668.24,Credit Card,Pending,Mann LLC,gilljhalak@dhaliwal.com,15,28,Yes,49
ORD1201,03-08-2024,08-08-2024,CUST1180,Isaac Anand,Consumer,PROD1005,Pen,Office Supplies,North,Chhattisgarh,Mehsana,6,5109,20,24523.2,1994.08,12558.72,Credit Card,Delivered,"Bera, Dutta and Saraf",htata@sharaf-loyal.com,76,18,No,0
ORD1202,22-10-2025,29-10-2025,CUST1055,Bhavani Kapur,Home Office,PROD1006,Notebook,Office Supplies,North,Sikkim,South Dumdum,10,12362,5,117439.0,4997.68,67462.2,Credit Card,Pending,Raval-Sani,bariaodika@sane.com,100,24,No,0
ORD1203,10-09-2024,16-09-2024,CUST1255,Samuel Bali,Consumer,PROD1000,Office Chairs,Furniture,West,Manipur,Machilipatnam,3,10918,15,27840.9,4093.13,15561.51,Net Banking,Returned,Wali-Choudhry,gaurika24@banerjee.org,11,32,Yes,50
ORD1204,30-05-2024,03-06-2024,CUST1229,Aayush Parikh,Consumer,PROD1003,Bookshelf,Furniture,North,Karnataka,Indore,7,12860,20,72016.0,8267.37,14144.41,Credit Card,Pending,Arya-Malhotra,jeremiah96@de.com,69,21,No,0
ORD1205,09-05-2024,13-05-2024,CUST1137,Chakradhar Misra,Consumer,PROD1005,Pen,Office Supplies,South,Assam,Burhanpur,8,5109,0,40872.0,1994.08,24919.36,UPI,Delivered,Ben Ltd,gunbir50@kuruvilla.com,76,18,No,0
ORD1206,11-03-2024,17-03-2024,CUST1093,Jai Patla,Corporate,PROD1014,Monitor,Electronics,East,Arunachal Pradesh,Katni,6,7430,10,40122.0,2466.9,25320.6,Net Banking,Pending,Bawa LLC,xpant@nadkarni.com,55,27,No,0
ORD1207,02-07-2024,06-07-2024,CUST1226,Kamala Tiwari,Consumer,PROD1011,Keyboard,Electronics,South,Telangana,Bhavnagar,1,4734,5,4497.3,2786.2,1711.1,UPI,Returned,Buch and Sons,balizaitra@chada.info,45,23,No,0
ORD1208,20-05-2025,26-05-2025,CUST1108,Tristan Karan,Consumer,PROD1015,Rice Bag,Grocery,North,Assam,Bhilwara,7,11182,20,62619.2,8707.28,1668.24,Net Banking,Cancelled,Gill Group,tanvi56@sangha-parsa.org,15,28,Yes,49
ORD1209,22-06-2024,25-06-2024,CUST1190,Samuel Kannan,Corporate,PROD1006,Notebook,Office Supplies,West,Manipur,Gorakhpur,9,12362,15,94569.3,4997.68,49590.18,Credit Card,Cancelled,Raval-Sani,bariaodika@sane.com,100,24,No,0
ORD1210,11-09-2025,12-09-2025,CUST1257,Reva Mand,Home Office,PROD1003,Bookshelf,Furniture,South,Odisha,Madanapalle,2,12860,0,25720.0,8267.37,9185.26,Cash,Returned,"Bhargava, Oommen and Sethi",khannanirja@gopal.info,69,21,No,0
ORD1211,04-07-2024,11-07-2024,CUST1260,Harsh Kohli,Corporate,PROD1005,Pen,Office Supplies,East,Kerala,Chandrapur,3,5109,0,15327.0,1994.08,9344.76,Net Banking,Cancelled,Swaminathan PLC,jaichopra@nadig-dube.net,76,18,No,0
ORD1212,03-06-2023,06-06-2023,CUST1147,Manthan Char,Consumer,PROD1009,Calculator,Office Supplies,North,Mizoram,Rohtak,7,14475,20,81060.0,10128.45,10160.85,Cash,Cancelled,Raval-Sani,bariaodika@sane.com,81,19,No,0
ORD1213,01-03-2023,05-03-2023,CUST1212,David Gara,Corporate,PROD1004,Dining Table,Furniture,East,Goa,Hindupur,4,13253,20,42409.6,4559.47,24171.72,Net Banking,Delivered,Kulkarni Ltd,pallavi25@sarma-minhas.com,53,23,No,0
ORD1214,24-03-2024,28-03-2024,CUST1049,Ucchal Balakrishnan,Corporate,PROD1005,Pen,Office Supplies,North,Rajasthan,Pondicherry,4,5109,0,20436.0,1994.08,12459.68,UPI,Pending,Ben Ltd,gunbir50@kuruvilla.com,76,18,No,0
ORD1215,24-10-2024,25-10-2024,CUST1011,Max Manne,Home Office,PROD1007,Stapler,Office Supplies,East,Uttar Pradesh,Kolkata,8,10905,5,82878.0,8458.2,15212.4,Cash,Cancelled,Swaminathan PLC,jaichopra@nadig-dube.net,14,31,Yes,34
ORD1216,14-06-2023,18-06-2023,CUST1168,Aayush Setty,Home Office,PROD1010,Laptop,Electronics,East,Andhra Pradesh,Nagercoil,9,6866,15,52524.9,3602.05,20106.45,UPI,Returned,Hari-Sehgal,harishrege@karpe.net,15,31,Yes,41
ORD1217,01-05-2024,02-05-2024,CUST1152,Zehaan Ray,Corporate,PROD1009,Calculator,Office Supplies,West,Gujarat,Sambhal,3,14475,15,36911.25,10128.45,6525.9,UPI,Delivered,Majumdar-Kala,ykhanna@anne-rama.net,81,19,No,0
ORD1218,28-12-2023,30-12-2023,CUST1231,Eta Sastry,Home Office,PROD1012,Mouse,Electronics,North,Telangana,Sirsa,8,6429,20,41145.6,4008.17,9080.24,Cash,Cancelled,"Rajagopalan, Bains and Shere",mwalia@chhabra.net,76,29,No,0
ORD1219,18-04-2023,24-04-2023,CUST1207,Reyansh Palla,Corporate,PROD1015,Rice Bag,Grocery,East,Punjab,Etawah,1,11182,10,10063.8,8707.28,1356.52,Credit Card,Pending,"Vig, Purohit and Saraf",lnarula@edwin-dalal.com,15,28,Yes,49
ORD1220,02-09-2023,04-09-2023,CUST1062,Devansh Dara,Corporate,PROD1005,Pen,Office Supplies,South,Sikkim,Durgapur,9,5109,15,39083.85,1994.08,21137.13,Credit Card,Cancelled,"Bera, Dutta and Saraf",htata@sharaf-loyal.com,76,18,No,0
ORD1221,12-10-2025,18-10-2025,CUST1276,Farhan Vig,Home Office,PROD1007,Stapler,Office Supplies,East,Bihar,Surendranagar Dudhrej,2,10905,0,21810.0,8458.2,4893.6,Net Banking,Pending,Ben Ltd,gunbir50@kuruvilla.com,14,31,Yes,34
ORD1222,11-12-2023,12-12-2023,CUST1045,Luke Misra,Consumer,PROD1015,Rice Bag,Grocery,West,Bihar,Alwar,8,11182,15,76037.6,8707.28,6379.36,Cash,Pending,Mann LLC,gilljhalak@dhaliwal.com,15,28,Yes,49
ORD1223,17-01-2023,22-01-2023,CUST1157,Shravya Kata,Consumer,PROD1011,Keyboard,Electronics,West,Uttar Pradesh,Hyderabad,8,4734,20,30297.6,2786.2,8008.0,Net Banking,Returned,Bal-Goel,banikgautam@kuruvilla.net,45,23,No,0
ORD1224,18-01-2025,19-01-2025,CUST1252,Manya Kari,Consumer,PROD1010,Laptop,Electronics,West,Kerala,Vijayawada,7,6866,20,38449.6,3602.05,13235.25,Cash,Cancelled,Hari-Sehgal,harishrege@karpe.net,15,31,Yes,41
ORD1225,29-07-2024,05-08-2024,CUST1144,Tarak Krishnan,Corporate,PROD1003,Bookshelf,Furniture,West,Uttar Pradesh,Adoni,6,12860,0,77160.0,8267.37,27555.78,Credit Card,Pending,Wali-Choudhry,gaurika24@banerjee.org,69,21,No,0
ORD1226,03-07-2023,07-07-2023,CUST1253,Urvi Som,Corporate,PROD1015,Rice Bag,Grocery,South,Andhra Pradesh,Khandwa,8,11182,20,71564.8,8707.28,1906.56,UPI,Pending,Mahal-Oza,omyabaral@rajagopal.com,15,28,Yes,49
ORD1227,11-06-2025,16-06-2025,CUST1125,Kamala Uppal,Corporate,PROD1008,File Folder,Office Supplies,North,Tamil Nadu,Jamalpur,6,1640,10,8856.0,1112.22,2182.68,UPI,Cancelled,Ben Ltd,gunbir50@kuruvilla.com,87,28,No,0
ORD1228,06-03-2025,09-03-2025,CUST1257,Reva Mand,Home Office,PROD1010,Laptop,Electronics,East,Odisha,Madanapalle,10,6866,5,65227.0,3602.05,29206.5,Credit Card,Cancelled,Bal-Goel,banikgautam@kuruvilla.net,15,31,Yes,41
ORD1229,10-04-2025,15-04-2025,CUST1278,Samarth Bail,Consumer,PROD1003,Bookshelf,Furniture,North,Chhattisgarh,Medininagar,9,12860,15,98379.0,8267.37,23972.67,Net Banking,Pending,Arya-Malhotra,jeremiah96@de.com,69,21,No,0
ORD1230,14-02-2023,19-02-2023,CUST1083,Rayaan Solanki,Consumer,PROD1001,Study Table,Furniture,West,Rajasthan,Pali,2,4700,5,8930.0,3230.55,2468.9,Cash,Delivered,Kulkarni Ltd,pallavi25@sarma-minhas.com,94,28,No,0
ORD1231,18-05-2025,21-05-2025,CUST1131,Andrew Kala,Home Office,PROD1013,Headphones,Electronics,North,Gujarat,Kadapa,5,5858,20,23432.0,3406.43,6399.85,UPI,Returned,Sethi-Natarajan,dinhredhaan@sodhi-mani.info,41,24,No,0
ORD1232,08-02-2024,12-02-2024,CUST1083,Rayaan Solanki,Consumer,PROD1001,Study Table,Furniture,South,Rajasthan,Pali,9,4700,0,42300.0,3230.55,13225.05,Cash,Delivered,Arya-Malhotra,jeremiah96@de.com,94,28,No,0
ORD1233,11-05-2024,12-05-2024,CUST1212,David Gara,Corporate,PROD1007,Stapler,Office Supplies,South,Goa,Hindupur,10,10905,5,103597.5,8458.2,19015.5,Credit Card,Returned,Raval-Sani,bariaodika@sane.com,14,31,Yes,34
ORD1234,04-11-2023,05-11-2023,CUST1005,Edhitha Narain,Home Office,PROD1008,File Folder,Office Supplies,South,Uttarakhand,Avadi,10,1640,15,13940.0,1112.22,2817.8,Credit Card,Returned,Swaminathan PLC,jaichopra@nadig-dube.net,87,28,No,0
ORD1235,15-09-2025,21-09-2025,CUST1007,Diya Badal,Consumer,PROD1014,Monitor,Electronics,East,Telangana,Patna,4,7430,0,29720.0,2466.9,19852.4,Credit Card,Pending,"Rajagopalan, Bains and Shere",mwalia@chhabra.net,55,27,No,0
ORD1236,18-04-2024,19-04-2024,CUST1177,Ayushman Jain,Home Office,PROD1005,Pen,Office Supplies,West,Andhra Pradesh,Navi Mumbai,4,5109,20,16348.8,1994.08,8372.48,Net Banking,Cancelled,Ben Ltd,gunbir50@kuruvilla.com,76,18,No,0
ORD1237,14-04-2024,21-04-2024,CUST1185,Gaurika Kohli,Consumer,PROD1014,Monitor,Electronics,West,Gujarat,Durgapur,9,7430,10,60183.0,2466.9,37980.9,Net Banking,Delivered,Sethi-Natarajan,dinhredhaan@sodhi-mani.info,55,27,No,0
ORD1238,22-04-2025,29-04-2025,CUST1136,Nirja Ganguly,Corporate,PROD1002,Sofa,Furniture,West,Chhattisgarh,Chennai,5,10208,10,45936.0,6313.28,14369.6,Credit Card,Cancelled,"Mistry, Sarkar and Madan",lataanmol@varughese-lanka.net,86,19,No,0
ORD1239,11-06-2023,18-06-2023,CUST1172,Harshil Bumb,Corporate,PROD1016,Cooking Oil,Grocery,East,Andhra Pradesh,Vadodara,10,4479,10,40311.0,2868.85,11622.5,Net Banking,Pending,Mahal-Oza,omyabaral@rajagopal.com,13,25,Yes,47
ORD1240,17-04-2023,18-04-2023,CUST1083,Rayaan Solanki,Consumer,PROD1004,Dining Table,Furniture,South,Rajasthan,Pali,1,13253,10,11927.7,4559.47,7368.23,Cash,Returned,"Mistry, Sarkar and Madan",lataanmol@varughese-lanka.net,53,23,No,0
ORD1241,05-12-2023,10-12-2023,CUST1078,Amrita Narayan,Home Office,PROD1008,File Folder,Office Supplies,West,Punjab,Bhalswa Jahangir Pur,4,1640,20,5248.0,1112.22,799.12,Net Banking,Cancelled,Raval-Sani,bariaodika@sane.com,87,28,No,0
ORD1242,25-07-2024,01-08-2024,CUST1167,Pallavi Mishra,Home Office,PROD1012,Mouse,Electronics,South,Uttarakhand,Ozhukarai,1,6429,0,6429.0,4008.17,2420.83,UPI,Cancelled,Buch and Sons,balizaitra@chada.info,76,29,No,0
ORD1243,22-07-2024,29-07-2024,CUST1142,Harini Golla,Corporate,PROD1002,Sofa,Furniture,South,Himachal Pradesh,Rourkela,1,10208,0,10208.0,6313.28,3894.72,Credit Card,Pending,"Bhargava, Oommen and Sethi",khannanirja@gopal.info,86,19,No,0
ORD1244,23-06-2023,26-06-2023,CUST1129,Vritti Deep,Home Office,PROD1010,Laptop,Electronics,South,Assam,Ichalkaranji,5,6866,20,27464.0,3602.05,9453.75,Cash,Cancelled,Buch and Sons,balizaitra@chada.info,15,31,Yes,41
ORD1245,24-02-2025,25-02-2025,CUST1111,Chanchal Pathak,Consumer,PROD1007,Stapler,Office Supplies,West,Assam,Rohtak,4,10905,10,39258.0,8458.2,5425.2,Net Banking,Delivered,Majumdar-Kala,ykhanna@anne-rama.net,14,31,Yes,34
ORD1246,24-07-2023,29-07-2023,CUST1091,Aishani Dash,Consumer,PROD1011,Keyboard,Electronics,North,Punjab,Maheshtala,1,4734,5,4497.3,2786.2,1711.1,UPI,Cancelled,Hari-Sehgal,harishrege@karpe.net,45,23,No,0
ORD1247,17-07-2025,18-07-2025,CUST1221,Gayathri Manda,Home Office,PROD1007,Stapler,Office Supplies,West,Telangana,Ratlam,6,10905,5,62158.5,8458.2,11409.3,Credit Card,Pending,Raval-Sani,bariaodika@sane.com,14,31,Yes,34
ORD1248,29-06-2023,30-06-2023,CUST1146,Aradhana Varma,Home Office,PROD1002,Sofa,Furniture,West,Manipur,Kolhapur,5,10208,20,40832.0,6313.28,9265.6,Credit Card,Delivered,"Bhargava, Oommen and Sethi",khannanirja@gopal.info,86,19,No,0
ORD1249,15-01-2024,22-01-2024,CUST1191,Lajita Varghese,Home Office,PROD1015,Rice Bag,Grocery,West,Telangana,Karnal,2,11182,15,19009.4,8707.28,1594.84,Credit Card,Delivered,"Vig, Purohit and Saraf",lnarula@edwin-dalal.com,15,28,Yes,49
ORD1250,06-10-2023,08-10-2023,CUST1123,Balendra Sani,Corporate,PROD1010,Laptop,Electronics,East,Uttar Pradesh,Singrauli,5,6866,0,34330.0,3602.05,16319.75,Credit Card,Returned,Sethi-Natarajan,dinhredhaan@sodhi-mani.info,15,31,Yes,41
ORD1251,18-02-2023,21-02-2023,CUST1022,Logan Ramaswamy,Home Office,PROD1016,Cooking Oil,Grocery,South,Odisha,Nangloi Jat,2,4479,20,7166.4,2868.85,1428.7,Cash,Pending,"Vig, Purohit and Saraf",lnarula@edwin-dalal.com,13,25,Yes,47
ORD1252,15-06-2025,22-06-2025,CUST1006,Anthony Nath,Home Office,PROD1006,Notebook,Office Supplies,West,Maharashtra,Ghaziabad,6,12362,10,66754.8,4997.68,36768.72,UPI,Returned,Majumdar-Kala,ykhanna@anne-rama.net,100,24,No,0
ORD1253,22-01-2025,23-01-2025,CUST1218,Zaid Mukherjee,Consumer,PROD1015,Rice Bag,Grocery,West,Sikkim,Sambhal,3,11182,0,33546.0,8707.28,7424.16,Credit Card,Cancelled,Mann LLC,gilljhalak@dhaliwal.com,15,28,Yes,49
ORD1254,26-04-2023,03-05-2023,CUST1047,Reva Malhotra,Consumer,PROD1003,Bookshelf,Furniture,West,Himachal Pradesh,Udupi,1,12860,10,11574.0,8267.37,3306.63,Net Banking,Cancelled,"Bhargava, Oommen and Sethi",khannanirja@gopal.info,69,21,No,0
ORD1255,05-10-2023,06-10-2023,CUST1026,Zaitra Mitra,Home Office,PROD1011,Keyboard,Electronics,East,West Bengal,Coimbatore,8,4734,20,30297.6,2786.2,8008.0,Net Banking,Pending,Hari-Sehgal,harishrege@karpe.net,45,23,No,0
ORD1256,30-03-2025,01-04-2025,CUST1226,Kamala Tiwari,Consumer,PROD1016,Cooking Oil,Grocery,West,Telangana,Bhavnagar,6,4479,20,21499.2,2868.85,4286.1,Credit Card,Delivered,Dube-Mander,vchoudhry@dhar.com,13,25,Yes,47
ORD1257,27-04-2025,28-04-2025,CUST1151,Praneel Bhandari,Consumer,PROD1015,Rice Bag,Grocery,East,Uttarakhand,Satara,2,11182,0,22364.0,8707.28,4949.44,UPI,Cancelled,"Vig, Purohit and Saraf",lnarula@edwin-dalal.com,15,28,Yes,49
ORD1258,17-06-2023,22-06-2023,CUST1250,Darika Malhotra,Home Office,PROD1016,Cooking Oil,Grocery,East,Chhattisgarh,Amritsar,7,4479,10,28217.7,2868.85,8135.75,Credit Card,Returned,"Vig, Purohit and Saraf",lnarula@edwin-dalal.com,13,25,Yes,47
ORD1259,20-07-2023,24-07-2023,CUST1149,Tejas Chaudhuri,Consumer,PROD1011,Keyboard,Electronics,South,Jharkhand,Raipur,5,4734,15,20119.5,2786.2,6188.5,UPI,Pending,Bawa LLC,xpant@nadkarni.com,45,23,No,0
ORD1260,15-11-2025,19-11-2025,CUST1281,Aarush Iyengar,Consumer,PROD1013,Headphones,Electronics,East,Odisha,Kochi,9,5858,10,47449.8,3406.43,16791.93,UPI,Cancelled,Hari-Sehgal,harishrege@karpe.net,41,24,No,0
ORD1261,12-10-2025,16-10-2025,CUST1083,Rayaan Solanki,Consumer,PROD1009,Calculator,Office Supplies,North,Rajasthan,Pali,3,14475,20,34740.0,10128.45,4354.65,UPI,Returned,Raval-Sani,bariaodika@sane.com,81,19,No,0
ORD1262,13-06-2023,19-06-2023,CUST1267,Yashica Aurora,Corporate,PROD1009,Calculator,Office Supplies,South,Maharashtra,Udaipur,10,14475,5,137512.5,10128.45,36228.0,Net Banking,Delivered,"More, Parmer and Dey",vgola@balakrishnan-sarin.net,81,19,No,0
ORD1263,26-05-2023,31-05-2023,CUST1130,Chaitaly Srinivas,Home Office,PROD1001,Study Table,Furniture,West,Rajasthan,Medininagar,9,4700,15,35955.0,3230.55,6880.05,UPI,Returned,Kulkarni Ltd,pallavi25@sarma-minhas.com,94,28,No,0
ORD1264,16-06-2024,17-06-2024,CUST1157,Shravya Kata,Consumer,PROD1009,Calculator,Office Supplies,East,Uttar Pradesh,Hyderabad,10,14475,10,130275.0,10128.45,28990.5,UPI,Pending,Swaminathan PLC,jaichopra@nadig-dube.net,81,19,No,0
ORD1265,15-12-2024,21-12-2024,CUST1086,Ekalinga Bhargava,Home Office,PROD1015,Rice Bag,Grocery,South,Uttarakhand,Kottayam,6,11182,20,53673.6,8707.28,1429.92,UPI,Delivered,Mann LLC,gilljhalak@dhaliwal.com,15,28,Yes,49
ORD1266,22-05-2025,24-05-2025,CUST1246,Vaishnavi Sankar,Home Office,PROD1005,Pen,Office Supplies,North,Nagaland,Chittoor,6,5109,15,26055.9,1994.08,14091.42,Credit Card,Delivered,Ben Ltd,gunbir50@kuruvilla.com,76,18,No,0
ORD1267,13-08-2024,14-08-2024,CUST1234,Yadavi Shan,Consumer,PROD1014,Monitor,Electronics,East,Uttar Pradesh,Suryapet,6,7430,0,44580.0,2466.9,29778.6,Credit Card,Cancelled,Hari-Sehgal,harishrege@karpe.net,55,27,No,0
ORD1268,11-03-2023,15-03-2023,CUST1146,Aradhana Varma,Home Office,PROD1013,Headphones,Electronics,East,Manipur,Kolhapur,2,5858,5,11130.2,3406.43,4317.34,Credit Card,Cancelled,Bawa LLC,xpant@nadkarni.com,41,24,No,0
ORD1269,22-03-2025,23-03-2025,CUST1060,Yatin Lala,Home Office,PROD1015,Rice Bag,Grocery,South,Kerala,Indore,10,11182,0,111820.0,8707.28,24747.2,Credit Card,Pending,Dube-Mander,vchoudhry@dhar.com,15,28,Yes,49
ORD1270,26-03-2024,28-03-2024,CUST1133,Wazir Andra,Home Office,PROD1007,Stapler,Office Supplies,North,Mizoram,Hazaribagh,2,10905,0,21810.0,8458.2,4893.6,Credit Card,Returned,"Bera, Dutta and Saraf",htata@sharaf-loyal.com,14,31,Yes,34
ORD1271,16-12-2023,23-12-2023,CUST1118,Bhavini Sen,Home Office,PROD1007,Stapler,Office Supplies,South,Chhattisgarh,Kolkata,5,10905,20,43620.0,8458.2,1329.0,Net Banking,Delivered,Swaminathan PLC,jaichopra@nadig-dube.net,14,31,Yes,34
ORD1272,26-03-2023,29-03-2023,CUST1155,Sachi Ganesh,Consumer,PROD1002,Sofa,Furniture,West,Manipur,Mirzapur,8,10208,15,69414.4,6313.28,18908.16,Cash,Cancelled,"Mistry, Sarkar and Madan",lataanmol@varughese-lanka.net,86,19,No,0
ORD1273,02-10-2023,09-10-2023,CUST1293,Samar Baria,Home Office,PROD1015,Rice Bag,Grocery,East,Madhya Pradesh,Bokaro,9,11182,20,80510.4,8707.28,2144.88,Credit Card,Delivered,"Vig, Purohit and Saraf",lnarula@edwin-dalal.com,15,28,Yes,49
ORD1274,28-11-2025,30-11-2025,CUST1258,Jagvi Chander,Consumer,PROD1016,Cooking Oil,Grocery,East,Tripura,Nagaon,9,4479,10,36279.9,2868.85,10460.25,Net Banking,Pending,Mann LLC,gilljhalak@dhaliwal.com,13,25,Yes,47
ORD1275,10-01-2024,13-01-2024,CUST1267,Yashica Aurora,Corporate,PROD1008,File Folder,Office Supplies,North,Maharashtra,Udaipur,10,1640,20,13120.0,1112.22,1997.8,Credit Card,Delivered,Raval-Sani,bariaodika@sane.com,87,28,No,0
ORD1276,25-08-2023,01-09-2023,CUST1079,Anmol Natarajan,Corporate,PROD1010,Laptop,Electronics,South,Jharkhand,Motihari,8,6866,5,52181.6,3602.05,23365.2,UPI,Returned,Buch and Sons,balizaitra@chada.info,15,31,Yes,41
ORD1277,23-10-2023,29-10-2023,CUST1112,Gunbir Ray,Corporate,PROD1007,Stapler,Office Supplies,South,Meghalaya,Hubli–Dharwad,8,10905,10,78516.0,8458.2,10850.4,Net Banking,Cancelled,"More, Parmer and Dey",vgola@balakrishnan-sarin.net,14,31,Yes,34
ORD1278,18-01-2024,23-01-2024,CUST1264,Eesha Chowdhury,Home Office,PROD1015,Rice Bag,Grocery,East,Karnataka,Ambattur,2,11182,5,21245.8,8707.28,3831.24,Cash,Cancelled,"Vig, Purohit and Saraf",lnarula@edwin-dalal.com,15,28,Yes,49
ORD1279,12-06-2024,15-06-2024,CUST1013,Jagat Sarkar,Corporate,PROD1013,Headphones,Electronics,South,Karnataka,Kharagpur,8,5858,15,39834.4,3406.43,12582.96,Cash,Cancelled,Sethi-Natarajan,dinhredhaan@sodhi-mani.info,41,24,No,0
ORD1280,10-02-2025,13-02-2025,CUST1062,Devansh Dara,Corporate,PROD1011,Keyboard,Electronics,North,Sikkim,Durgapur,10,4734,5,44973.0,2786.2,17111.0,UPI,Pending,Buch and Sons,balizaitra@chada.info,45,23,No,0
ORD1281,21-07-2023,28-07-2023,CUST1107,Januja Sodhi,Consumer,PROD1009,Calculator,Office Supplies,North,Nagaland,Bettiah,7,14475,15,86126.25,10128.45,15227.1,Cash,Pending,"Bera, Dutta and Saraf",htata@sharaf-loyal.com,81,19,No,0
ORD1282,16-05-2024,21-05-2024,CUST1204,Upadhriti Bajwa,Corporate,PROD1002,Sofa,Furniture,East,Arunachal Pradesh,Akola,7,10208,10,64310.4,6313.28,20117.44,Credit Card,Pending,Srivastava Ltd,viraj89@shan.net,86,19,No,0
ORD1283,19-11-2025,23-11-2025,CUST1121,Bhavika Ramakrishnan,Corporate,PROD1015,Rice Bag,Grocery,West,Karnataka,Hyderabad,8,11182,5,84983.2,8707.28,15324.96,Cash,Pending,Dube-Mander,vchoudhry@dhar.com,15,28,Yes,49
ORD1284,28-02-2025,05-03-2025,CUST1106,Anay Sandhu,Consumer,PROD1006,Notebook,Office Supplies,West,Meghalaya,Bhind,9,12362,20,89006.4,4997.68,44027.28,Credit Card,Pending,Majumdar-Kala,ykhanna@anne-rama.net,100,24,No,0
ORD1285,26-07-2024,29-07-2024,CUST1049,Ucchal Balakrishnan,Corporate,PROD1000,Office Chairs,Furniture,North,Rajasthan,Pondicherry,6,10918,20,52406.4,4093.13,27847.62,Cash,Pending,Kulkarni Ltd,pallavi25@sarma-minhas.com,11,32,Yes,50
ORD1286,05-08-2024,08-08-2024,CUST1175,David Puri,Consumer,PROD1009,Calculator,Office Supplies,East,Bihar,Cuttack,3,14475,10,39082.5,10128.45,8697.15,Net Banking,Returned,Ben Ltd,gunbir50@kuruvilla.com,81,19,No,0
ORD1287,10-02-2024,14-02-2024,CUST1158,Warda Dash,Home Office,PROD1015,Rice Bag,Grocery,North,Uttarakhand,Hajipur,9,11182,5,95606.1,8707.28,17240.58,Cash,Returned,Dube-Mander,vchoudhry@dhar.com,15,28,Yes,49
ORD1288,26-06-2025,28-06-2025,CUST1094,Niharika Mallick,Consumer,PROD1003,Bookshelf,Furniture,East,Tripura,Indore,7,12860,0,90020.0,8267.37,32148.41,UPI,Returned,"Mistry, Sarkar and Madan",lataanmol@varughese-lanka.net,69,21,No,0
ORD1289,26-06-2025,02-07-2025,CUST1119,Rayaan Sridhar,Consumer,PROD1015,Rice Bag,Grocery,North,Chhattisgarh,Salem,1,11182,10,10063.8,8707.28,1356.52,Credit Card,Delivered,"Vig, Purohit and Saraf",lnarula@edwin-dalal.com,15,28,Yes,49
ORD1290,23-07-2024,25-07-2024,CUST1294,Ekiya Loyal,Consumer,PROD1015,Rice Bag,Grocery,South,Assam,Chandrapur,7,11182,10,70446.6,8707.28,9495.64,Credit Card,Returned,Gill Group,tanvi56@sangha-parsa.org,15,28,Yes,49
ORD1291,21-03-2025,25-03-2025,CUST1090,Jagat Golla,Consumer,PROD1004,Dining Table,Furniture,South,Telangana,Jaipur,4,13253,0,53012.0,4559.47,34774.12,Cash,Pending,"Bhargava, Oommen and Sethi",khannanirja@gopal.info,53,23,No,0
ORD1292,02-12-2023,03-12-2023,CUST1285,Aadi Varty,Home Office,PROD1009,Calculator,Office Supplies,East,Meghalaya,Madhyamgram,4,14475,20,46320.0,10128.45,5806.2,UPI,Returned,"Bera, Dutta and Saraf",htata@sharaf-loyal.com,81,19,No,0
ORD1293,25-06-2023,27-06-2023,CUST1068,Eiravati Bali,Home Office,PROD1000,Office Chairs,Furniture,North,Rajasthan,South Dumdum,6,10918,10,58957.2,4093.13,34398.42,Cash,Cancelled,Arya-Malhotra,jeremiah96@de.com,11,32,Yes,50
ORD1294,05-07-2023,07-07-2023,CUST1289,Ekiya Bhavsar,Corporate,PROD1008,File Folder,Office Supplies,North,Bihar,Khammam,6,1640,5,9348.0,1112.22,2674.68,Credit Card,Returned,Majumdar-Kala,ykhanna@anne-rama.net,87,28,No,0
ORD1295,27-03-2025,29-03-2025,CUST1133,Wazir Andra,Home Office,PROD1001,Study Table,Furniture,North,Mizoram,Hazaribagh,8,4700,20,30080.0,3230.55,4235.6,Net Banking,Returned,"Mistry, Sarkar and Madan",lataanmol@varughese-lanka.net,94,28,No,0
ORD1296,01-02-2025,06-02-2025,CUST1183,Vyanjana Chana,Consumer,PROD1009,Calculator,Office Supplies,West,Arunachal Pradesh,Faridabad,3,14475,0,43425.0,10128.45,13039.65,Credit Card,Cancelled,Swaminathan PLC,jaichopra@nadig-dube.net,81,19,No,0
ORD1297,17-08-2023,24-08-2023,CUST1085,Yahvi Vyas,Corporate,PROD1014,Monitor,Electronics,North,West Bengal,Thane,4,7430,5,28234.0,2466.9,18366.4,Net Banking,Returned,Hari-Sehgal,harishrege@karpe.net,55,27,No,0
ORD1298,01-10-2025,08-10-2025,CUST1105,Shravya Deshmukh,Corporate,PROD1016,Cooking Oil,Grocery,North,Uttar Pradesh,Thoothukudi,4,4479,15,15228.6,2868.85,3753.2,Cash,Cancelled,Mann LLC,gilljhalak@dhaliwal.com,13,25,Yes,47
ORD1299,30-08-2025,01-09-2025,CUST1224,Rajeshri Chawla,Corporate,PROD1008,File Folder,Office Supplies,South,Manipur,Miryalaguda,8,1640,0,13120.0,1112.22,4222.24,Net Banking,Delivered,Ben Ltd,gunbir50@kuruvilla.com,87,28,No,0
ORD1300,01-09-2024,03-09-2024,CUST1092,Xalak Datta,Corporate,PROD1016,Cooking Oil,Grocery,West,Chhattisgarh,Orai,3,4479,0,13437.0,2868.85,4830.45,Credit Card,Delivered,Gill Group,tanvi56@sangha-parsa.org,13,25,Yes,47
ORD1301,02-02-2024,07-02-2024,CUST1020,Siya Nayak,Consumer,PROD1015,Rice Bag,Grocery,North,Maharashtra,Pudukkottai,2,11182,10,20127.6,8707.28,2713.04,Cash,Returned,Mann LLC,gilljhalak@dhaliwal.com,15,28,Yes,49
ORD1302,23-11-2024,25-11-2024,CUST1182,Unni Manda,Corporate,PROD1011,Keyboard,Electronics,East,Karnataka,Ghaziabad,10,4734,5,44973.0,2786.2,17111.0,Cash,Pending,Bal-Goel,banikgautam@kuruvilla.net,45,23,No,0
ORD1303,28-01-2023,04-02-2023,CUST1198,Tristan Date,Home Office,PROD1002,Sofa,Furniture,East,Tamil Nadu,Bilaspur,4,10208,10,36748.8,6313.28,11495.68,UPI,Pending,Wali-Choudhry,gaurika24@banerjee.org,86,19,No,0
ORD1304,23-01-2024,24-01-2024,CUST1288,Zayyan Chaudry,Home Office,PROD1015,Rice Bag,Grocery,West,Kerala,Karaikudi,5,11182,20,44728.0,8707.28,1191.6,Cash,Cancelled,Gill Group,tanvi56@sangha-parsa.org,15,28,Yes,49
ORD1305,23-08-2024,28-08-2024,CUST1191,Lajita Varghese,Home Office,PROD1016,Cooking Oil,Grocery,East,Telangana,Karnal,5,4479,10,20155.5,2868.85,5811.25,UPI,Delivered,"Amble, Bhargava and Rau",warindersharaf@ramanathan.com,13,25,Yes,47
ORD1306,03-07-2025,09-07-2025,CUST1089,Chakradhar Bera,Home Office,PROD1006,Notebook,Office Supplies,North,Arunachal Pradesh,Proddatur,5,12362,10,55629.0,4997.68,30640.6,Cash,Cancelled,"Bera, Dutta and Saraf",htata@sharaf-loyal.com,100,24,No,0
ORD1307,28-04-2023,30-04-2023,CUST1101,Qabil Gola,Home Office,PROD1004,Dining Table,Furniture,West,Nagaland,Gopalpur,10,13253,5,125903.5,4559.47,80308.8,UPI,Cancelled,Khosla and Sons,bhagatcaleb@gaba-ravi.com,53,23,No,0
ORD1308,22-03-2025,25-03-2025,CUST1182,Unni Manda,Corporate,PROD1015,Rice Bag,Grocery,East,Karnataka,Ghaziabad,8,11182,20,71564.8,8707.28,1906.56,Credit Card,Pending,Gill Group,tanvi56@sangha-parsa.org,15,28,Yes,49
ORD1309,15-07-2025,22-07-2025,CUST1068,Eiravati Bali,Home Office,PROD1006,Notebook,Office Supplies,West,Rajasthan,South Dumdum,4,12362,10,44503.2,4997.68,24512.48,Credit Card,Pending,Majumdar-Kala,ykhanna@anne-rama.net,100,24,No,0
ORD1310,06-06-2025,07-06-2025,CUST1040,Dalaja Prasad,Home Office,PROD1012,Mouse,Electronics,East,Uttar Pradesh,Bhimavaram,4,6429,20,20572.8,4008.17,4540.12,Credit Card,Delivered,Bawa LLC,xpant@nadkarni.com,76,29,No,0
ORD1311,08-02-2023,12-02-2023,CUST1274,Indira Gole,Home Office,PROD1004,Dining Table,Furniture,West,Uttarakhand,Giridih,4,13253,10,47710.8,4559.47,29472.92,UPI,Cancelled,"Bhargava, Oommen and Sethi",khannanirja@gopal.info,53,23,No,0
ORD1312,22-12-2025,26-12-2025,CUST1130,Chaitaly Srinivas,Home Office,PROD1011,Keyboard,Electronics,East,Rajasthan,Medininagar,2,4734,20,7574.4,2786.2,2002.0,UPI,Returned,"Rajagopalan, Bains and Shere",mwalia@chhabra.net,45,23,No,0
ORD1313,13-01-2025,18-01-2025,CUST1065,Yashasvi Kaul,Corporate,PROD1016,Cooking Oil,Grocery,South,Andhra Pradesh,Karawal Nagar,1,4479,10,4031.1,2868.85,1162.25,UPI,Returned,Dube-Mander,vchoudhry@dhar.com,13,25,Yes,47
ORD1314,05-12-2024,09-12-2024,CUST1065,Yashasvi Kaul,Corporate,PROD1016,Cooking Oil,Grocery,West,Andhra Pradesh,Karawal Nagar,1,4479,10,4031.1,2868.85,1162.25,UPI,Delivered,Gill Group,tanvi56@sangha-parsa.org,13,25,Yes,47
ORD1315,08-10-2025,11-10-2025,CUST1157,Shravya Kata,Consumer,PROD1013,Headphones,Electronics,South,Uttar Pradesh,Hyderabad,2,5858,10,10544.4,3406.43,3731.54,Net Banking,Delivered,Bawa LLC,xpant@nadkarni.com,41,24,No,0
ORD1316,26-12-2024,01-01-2025,CUST1207,Reyansh Palla,Corporate,PROD1015,Rice Bag,Grocery,West,Punjab,Etawah,7,11182,15,66532.9,8707.28,5581.94,Cash,Cancelled,"Amble, Bhargava and Rau",warindersharaf@ramanathan.com,15,28,Yes,49
ORD1317,24-04-2024,28-04-2024,CUST1009,Varsha Wali,Consumer,PROD1012,Mouse,Electronics,South,Kerala,Bhimavaram,2,6429,20,10286.4,4008.17,2270.06,UPI,Returned,Hari-Sehgal,harishrege@karpe.net,76,29,No,0
ORD1318,14-07-2024,18-07-2024,CUST1073,Abha Wali,Home Office,PROD1008,File Folder,Office Supplies,East,Haryana,Kamarhati,7,1640,20,9184.0,1112.22,1398.46,Credit Card,Delivered,"Bera, Dutta and Saraf",htata@sharaf-loyal.com,87,28,No,0
ORD1319,26-10-2024,28-10-2024,CUST1229,Aayush Parikh,Consumer,PROD1003,Bookshelf,Furniture,East,Karnataka,Indore,6,12860,0,77160.0,8267.37,27555.78,Cash,Returned,Srivastava Ltd,viraj89@shan.net,69,21,No,0
ORD1320,23-02-2023,25-02-2023,CUST1019,Irya Chokshi,Corporate,PROD1004,Dining Table,Furniture,North,Chhattisgarh,Bathinda,7,13253,0,92771.0,4559.47,60854.71,Cash,Delivered,Srivastava Ltd,viraj89@shan.net,53,23,No,0
ORD1321,22-12-2025,27-12-2025,CUST1011,Max Manne,Home Office,PROD1015,Rice Bag,Grocery,West,Uttar Pradesh,Kolkata,8,11182,0,89456.0,8707.28,19797.76,Cash,Pending,Mahal-Oza,omyabaral@rajagopal.com,15,28,Yes,49
ORD1322,23-05-2024,30-05-2024,CUST1234,Yadavi Shan,Consumer,PROD1000,Office Chairs,Furniture,North,Uttar Pradesh,Suryapet,2,10918,5,20744.2,4093.13,12557.94,Net Banking,Delivered,Wali-Choudhry,gaurika24@banerjee.org,11,32,Yes,50
ORD1323,21-12-2023,26-12-2023,CUST1092,Xalak Datta,Corporate,PROD1005,Pen,Office Supplies,South,Chhattisgarh,Orai,9,5109,10,41382.9,1994.08,23436.18,Credit Card,Cancelled,Raval-Sani,bariaodika@sane.com,76,18,No,0
ORD1324,30-08-2023,03-09-2023,CUST1154,Aryan Hegde,Consumer,PROD1007,Stapler,Office Supplies,North,Manipur,Shahjahanpur,5,10905,20,43620.0,8458.2,1329.0,Net Banking,Pending,Ben Ltd,gunbir50@kuruvilla.com,14,31,Yes,34
ORD1325,05-08-2023,10-08-2023,CUST1179,Jonathan Shroff,Corporate,PROD1016,Cooking Oil,Grocery,West,Jharkhand,Loni,6,4479,5,25530.3,2868.85,8317.2,Credit Card,Delivered,"Vig, Purohit and Saraf",lnarula@edwin-dalal.com,13,25,Yes,47
ORD1326,06-04-2024,10-04-2024,CUST1077,Andrew Barman,Consumer,PROD1010,Laptop,Electronics,East,Uttar Pradesh,Mirzapur,5,6866,20,27464.0,3602.05,9453.75,Net Banking,Pending,Bawa LLC,xpant@nadkarni.com,15,31,Yes,41
ORD1327,02-10-2024,08-10-2024,CUST1173,Krish Kumar,Corporate,PROD1011,Keyboard,Electronics,North,Odisha,Chennai,3,4734,20,11361.6,2786.2,3003.0,UPI,Cancelled,Hari-Sehgal,harishrege@karpe.net,45,23,No,0
ORD1328,20-01-2024,22-01-2024,CUST1019,Irya Chokshi,Corporate,PROD1012,Mouse,Electronics,East,Chhattisgarh,Bathinda,8,6429,15,43717.2,4008.17,11651.84,Net Banking,Returned,"Rajagopalan, Bains and Shere",mwalia@chhabra.net,76,29,No,0
ORD1329,23-09-2023,30-09-2023,CUST1014,Jagat Sura,Corporate,PROD1015,Rice Bag,Grocery,East,Meghalaya,Bulandshahr,3,11182,15,28514.1,8707.28,2392.26,Credit Card,Pending,Dube-Mander,vchoudhry@dhar.com,15,28,Yes,49
ORD1330,23-03-2025,30-03-2025,CUST1213,Kavya Nath,Home Office,PROD1011,Keyboard,Electronics,North,Odisha,Sambhal,9,4734,15,36215.1,2786.2,11139.3,Credit Card,Delivered,Sethi-Natarajan,dinhredhaan@sodhi-mani.info,45,23,No,0
ORD1331,11-10-2023,15-10-2023,CUST1087,Tanay Sem,Consumer,PROD1016,Cooking Oil,Grocery,North,Nagaland,Ramgarh,8,4479,0,35832.0,2868.85,12881.2,Net Banking,Pending,Mahal-Oza,omyabaral@rajagopal.com,13,25,Yes,47
ORD1332,28-03-2023,31-03-2023,CUST1295,Ucchal Barman,Consumer,PROD1001,Study Table,Furniture,East,Meghalaya,Ichalkaranji,9,4700,15,35955.0,3230.55,6880.05,Cash,Pending,Arya-Malhotra,jeremiah96@de.com,94,28,No,0
ORD1333,23-10-2025,26-10-2025,CUST1106,Anay Sandhu,Consumer,PROD1011,Keyboard,Electronics,West,Meghalaya,Bhind,5,4734,10,21303.0,2786.2,7372.0,Credit Card,Returned,Sethi-Natarajan,dinhredhaan@sodhi-mani.info,45,23,No,0
ORD1334,04-07-2025,10-07-2025,CUST1166,Isaiah Khurana,Home Office,PROD1012,Mouse,Electronics,East,Tamil Nadu,Kurnool,8,6429,5,48860.4,4008.17,16795.04,UPI,Returned,Sethi-Natarajan,dinhredhaan@sodhi-mani.info,76,29,No,0
ORD1335,14-04-2024,19-04-2024,CUST1164,Laksh Prasad,Consumer,PROD1015,Rice Bag,Grocery,West,Goa,Salem,3,11182,10,30191.4,8707.28,4069.56,UPI,Returned,Gill Group,tanvi56@sangha-parsa.org,15,28,Yes,49
ORD1336,03-10-2025,09-10-2025,CUST1175,David Puri,Consumer,PROD1014,Monitor,Electronics,West,Bihar,Cuttack,1,7430,20,5944.0,2466.9,3477.1,Credit Card,Cancelled,Bal-Goel,banikgautam@kuruvilla.net,55,27,No,0
ORD1337,12-07-2024,17-07-2024,CUST1152,Zehaan Ray,Corporate,PROD1016,Cooking Oil,Grocery,South,Gujarat,Sambhal,6,4479,10,24186.6,2868.85,6973.5,Cash,Cancelled,Dube-Mander,vchoudhry@dhar.com,13,25,Yes,47
ORD1338,29-07-2024,03-08-2024,CUST1285,Aadi Varty,Home Office,PROD1013,Headphones,Electronics,West,Meghalaya,Madhyamgram,4,5858,20,18745.6,3406.43,5119.88,Credit Card,Pending,Bal-Goel,banikgautam@kuruvilla.net,41,24,No,0
ORD1339,14-08-2024,18-08-2024,CUST1287,Brijesh Bakshi,Consumer,PROD1004,Dining Table,Furniture,West,Uttar Pradesh,Howrah,5,13253,5,62951.75,4559.47,40154.4,Credit Card,Returned,Srivastava Ltd,viraj89@shan.net,53,23,No,0
ORD1340,06-02-2023,07-02-2023,CUST1151,Praneel Bhandari,Consumer,PROD1009,Calculator,Office Supplies,East,Uttarakhand,Satara,6,14475,5,82507.5,10128.45,21736.8,Credit Card,Returned,Swaminathan PLC,jaichopra@nadig-dube.net,81,19,No,0
ORD1341,30-01-2023,31-01-2023,CUST1148,Megha Sangha,Consumer,PROD1012,Mouse,Electronics,West,Gujarat,Muzaffarnagar,4,6429,20,20572.8,4008.17,4540.12,Net Banking,Delivered,Buch and Sons,balizaitra@chada.info,76,29,No,0
ORD1342,17-05-2025,21-05-2025,CUST1145,Diya Kulkarni,Home Office,PROD1011,Keyboard,Electronics,West,Himachal Pradesh,Kota,8,4734,0,37872.0,2786.2,15582.4,Cash,Returned,"Rajagopalan, Bains and Shere",mwalia@chhabra.net,45,23,No,0
ORD1343,16-08-2024,23-08-2024,CUST1271,Elijah Bobal,Corporate,PROD1008,File Folder,Office Supplies,North,Tamil Nadu,Bally,2,1640,20,2624.0,1112.22,399.56,Cash,Returned,Raval-Sani,bariaodika@sane.com,87,28,No,0
ORD1344,17-11-2024,24-11-2024,CUST1196,Indrajit Chopra,Consumer,PROD1001,Study Table,Furniture,South,Uttar Pradesh,Bhiwandi,9,4700,0,42300.0,3230.55,13225.05,Cash,Cancelled,Wali-Choudhry,gaurika24@banerjee.org,94,28,No,0
ORD1345,16-05-2025,18-05-2025,CUST1129,Vritti Deep,Home Office,PROD1016,Cooking Oil,Grocery,West,Assam,Ichalkaranji,8,4479,5,34040.4,2868.85,11089.6,Cash,Delivered,Mann LLC,gilljhalak@dhaliwal.com,13,25,Yes,47
ORD1346,11-04-2025,13-04-2025,CUST1193,Zilmil Rau,Consumer,PROD1004,Dining Table,Furniture,West,Odisha,Kavali,1,13253,5,12590.35,4559.47,8030.88,Credit Card,Returned,"Bhargava, Oommen and Sethi",khannanirja@gopal.info,53,23,No,0
ORD1347,17-04-2023,18-04-2023,CUST1255,Samuel Bali,Consumer,PROD1013,Headphones,Electronics,North,Manipur,Machilipatnam,6,5858,20,28118.4,3406.43,7679.82,Net Banking,Returned,Hari-Sehgal,harishrege@karpe.net,41,24,No,0
ORD1348,17-01-2024,24-01-2024,CUST1055,Bhavani Kapur,Home Office,PROD1015,Rice Bag,Grocery,South,Sikkim,South Dumdum,9,11182,20,80510.4,8707.28,2144.88,Cash,Delivered,"Amble, Bhargava and Rau",warindersharaf@ramanathan.com,15,28,Yes,49
ORD1349,23-02-2024,26-02-2024,CUST1264,Eesha Chowdhury,Home Office,PROD1015,Rice Bag,Grocery,East,Karnataka,Ambattur,7,11182,20,62619.2,8707.28,1668.24,Cash,Delivered,Mann LLC,gilljhalak@dhaliwal.com,15,28,Yes,49
ORD1350,27-11-2025,03-12-2025,CUST1160,Balveer Nayar,Consumer,PROD1000,Office Chairs,Furniture,North,Odisha,Sikar,8,10918,0,87344.0,4093.13,54598.96,Cash,Returned,"Mistry, Sarkar and Madan",lataanmol@varughese-lanka.net,11,32,Yes,50
ORD1351,28-08-2025,03-09-2025,CUST1024,Vasana Viswanathan,Home Office,PROD1007,Stapler,Office Supplies,East,Odisha,Ludhiana,4,10905,5,41439.0,8458.2,7606.2,Credit Card,Returned,Ben Ltd,gunbir50@kuruvilla.com,14,31,Yes,34
ORD1352,03-09-2024,06-09-2024,CUST1100,Vedika Chana,Consumer,PROD1016,Cooking Oil,Grocery,South,Karnataka,Nandyal,4,4479,20,14332.8,2868.85,2857.4,Cash,Pending,Mahal-Oza,omyabaral@rajagopal.com,13,25,Yes,47
ORD1353,06-10-2023,10-10-2023,CUST1229,Aayush Parikh,Consumer,PROD1013,Headphones,Electronics,South,Karnataka,Indore,6,5858,5,33390.6,3406.43,12952.02,Cash,Returned,Bal-Goel,banikgautam@kuruvilla.net,41,24,No,0
ORD1354,08-02-2023,09-02-2023,CUST1298,Saumya Badal,Corporate,PROD1007,Stapler,Office Supplies,North,Haryana,Mirzapur,6,10905,5,62158.5,8458.2,11409.3,Cash,Returned,Raval-Sani,bariaodika@sane.com,14,31,Yes,34
ORD1355,06-05-2025,10-05-2025,CUST1076,Oeshi Goda,Corporate,PROD1008,File Folder,Office Supplies,North,Arunachal Pradesh,Jaunpur,1,1640,20,1312.0,1112.22,199.78,Credit Card,Delivered,"More, Parmer and Dey",vgola@balakrishnan-sarin.net,87,28,No,0
ORD1356,13-10-2024,20-10-2024,CUST1257,Reva Mand,Home Office,PROD1010,Laptop,Electronics,North,Odisha,Madanapalle,2,6866,0,13732.0,3602.05,6527.9,Credit Card,Pending,Bal-Goel,banikgautam@kuruvilla.net,15,31,Yes,41
ORD1357,06-09-2023,12-09-2023,CUST1245,Lopa Gade,Home Office,PROD1015,Rice Bag,Grocery,East,Maharashtra,Ambala,7,11182,15,66532.9,8707.28,5581.94,Credit Card,Pending,Mann LLC,gilljhalak@dhaliwal.com,15,28,Yes,49
ORD1358,29-01-2024,04-02-2024,CUST1194,Gopal Subramanian,Home Office,PROD1001,Study Table,Furniture,South,Assam,Sambhal,2,4700,20,7520.0,3230.55,1058.9,Credit Card,Pending,Kulkarni Ltd,pallavi25@sarma-minhas.com,94,28,No,0
ORD1359,04-08-2024,09-08-2024,CUST1133,Wazir Andra,Home Office,PROD1016,Cooking Oil,Grocery,East,Mizoram,Hazaribagh,3,4479,10,12093.3,2868.85,3486.75,Net Banking,Pending,Mann LLC,gilljhalak@dhaliwal.com,13,25,Yes,47
ORD1360,25-06-2023,29-06-2023,CUST1060,Yatin Lala,Home Office,PROD1006,Notebook,Office Supplies,North,Kerala,Indore,9,12362,5,105695.1,4997.68,60715.98,Credit Card,Delivered,Swaminathan PLC,jaichopra@nadig-dube.net,100,24,No,0
ORD1361,19-07-2024,24-07-2024,CUST1260,Harsh Kohli,Corporate,PROD1014,Monitor,Electronics,North,Kerala,Chandrapur,4,7430,0,29720.0,2466.9,19852.4,Credit Card,Pending,"Rajagopalan, Bains and Shere",mwalia@chhabra.net,55,27,No,0
ORD1362,30-06-2023,07-07-2023,CUST1045,Luke Misra,Consumer,PROD1002,Sofa,Furniture,North,Bihar,Alwar,1,10208,15,8676.8,6313.28,2363.52,Net Banking,Cancelled,Srivastava Ltd,viraj89@shan.net,86,19,No,0
ORD1363,06-08-2025,12-08-2025,CUST1045,Luke Misra,Consumer,PROD1010,Laptop,Electronics,East,Bihar,Alwar,4,6866,10,24717.6,3602.05,10309.4,Credit Card,Pending,Buch and Sons,balizaitra@chada.info,15,31,Yes,41
ORD1364,06-05-2024,13-05-2024,CUST1036,Aarini Nazareth,Home Office,PROD1016,Cooking Oil,Grocery,North,Arunachal Pradesh,Kishanganj,1,4479,15,3807.15,2868.85,938.3,Net Banking,Delivered,Gill Group,tanvi56@sangha-parsa.org,13,25,Yes,47
ORD1365,15-01-2024,21-01-2024,CUST1297,Arjun Murthy,Corporate,PROD1007,Stapler,Office Supplies,West,Nagaland,Junagadh,8,10905,15,74154.0,8458.2,6488.4,Cash,Delivered,Raval-Sani,bariaodika@sane.com,14,31,Yes,34
ORD1366,06-08-2023,10-08-2023,CUST1045,Luke Misra,Consumer,PROD1010,Laptop,Electronics,East,Bihar,Alwar,4,6866,10,24717.6,3602.05,10309.4,Credit Card,Returned,Bawa LLC,xpant@nadkarni.com,15,31,Yes,41
ORD1367,18-09-2025,21-09-2025,CUST1292,Yasti Menon,Corporate,PROD1012,Mouse,Electronics,East,Andhra Pradesh,Hosur,1,6429,0,6429.0,4008.17,2420.83,Net Banking,Cancelled,Hari-Sehgal,harishrege@karpe.net,76,29,No,0
ORD1368,17-11-2025,22-11-2025,CUST1042,Krish Arya,Corporate,PROD1015,Rice Bag,Grocery,North,West Bengal,Korba,6,11182,20,53673.6,8707.28,1429.92,Cash,Returned,Gill Group,tanvi56@sangha-parsa.org,15,28,Yes,49
ORD1369,30-04-2024,04-05-2024,CUST1136,Nirja Ganguly,Corporate,PROD1008,File Folder,Office Supplies,West,Chhattisgarh,Chennai,5,1640,10,7380.0,1112.22,1818.9,Cash,Cancelled,Raval-Sani,bariaodika@sane.com,87,28,No,0
ORD1370,12-01-2024,18-01-2024,CUST1217,Ekapad Sachar,Corporate,PROD1014,Monitor,Electronics,South,Sikkim,Ghaziabad,10,7430,15,63155.0,2466.9,38486.0,Credit Card,Pending,Bal-Goel,banikgautam@kuruvilla.net,55,27,No,0
ORD1371,04-02-2023,06-02-2023,CUST1287,Brijesh Bakshi,Consumer,PROD1008,File Folder,Office Supplies,North,Uttar Pradesh,Howrah,5,1640,10,7380.0,1112.22,1818.9,Cash,Delivered,Swaminathan PLC,jaichopra@nadig-dube.net,87,28,No,0
ORD1372,03-06-2024,07-06-2024,CUST1168,Aayush Setty,Home Office,PROD1014,Monitor,Electronics,South,Andhra Pradesh,Nagercoil,10,7430,5,70585.0,2466.9,45916.0,UPI,Cancelled,Hari-Sehgal,harishrege@karpe.net,55,27,No,0
ORD1373,13-11-2023,20-11-2023,CUST1294,Ekiya Loyal,Consumer,PROD1006,Notebook,Office Supplies,North,Assam,Chandrapur,10,12362,15,105077.0,4997.68,55100.2,Net Banking,Cancelled,Ben Ltd,gunbir50@kuruvilla.com,100,24,No,0
ORD1374,14-01-2023,15-01-2023,CUST1037,Luke Keer,Corporate,PROD1008,File Folder,Office Supplies,West,Manipur,Anantapur,5,1640,15,6970.0,1112.22,1408.9,UPI,Pending,"Bera, Dutta and Saraf",htata@sharaf-loyal.com,87,28,No,0
ORD1375,30-08-2025,31-08-2025,CUST1078,Amrita Narayan,Home Office,PROD1008,File Folder,Office Supplies,West,Punjab,Bhalswa Jahangir Pur,2,1640,10,2952.0,1112.22,727.56,Net Banking,Delivered,"More, Parmer and Dey",vgola@balakrishnan-sarin.net,87,28,No,0
ORD1376,19-10-2023,24-10-2023,CUST1268,Dakshesh Rastogi,Home Office,PROD1007,Stapler,Office Supplies,North,Arunachal Pradesh,Vijayanagaram,9,10905,20,78516.0,8458.2,2392.2,Net Banking,Returned,"Bera, Dutta and Saraf",htata@sharaf-loyal.com,14,31,Yes,34
ORD1377,28-01-2023,02-02-2023,CUST1168,Aayush Setty,Home Office,PROD1009,Calculator,Office Supplies,South,Andhra Pradesh,Nagercoil,3,14475,0,43425.0,10128.45,13039.65,UPI,Cancelled,Swaminathan PLC,jaichopra@nadig-dube.net,81,19,No,0
ORD1378,23-03-2024,24-03-2024,CUST1028,Gaurav Tara,Consumer,PROD1010,Laptop,Electronics,East,Meghalaya,Patiala,10,6866,20,54928.0,3602.05,18907.5,Net Banking,Delivered,Buch and Sons,balizaitra@chada.info,15,31,Yes,41
ORD1379,11-07-2024,16-07-2024,CUST1167,Pallavi Mishra,Home Office,PROD1002,Sofa,Furniture,East,Uttarakhand,Ozhukarai,10,10208,5,96976.0,6313.28,33843.2,Credit Card,Pending,Wali-Choudhry,gaurika24@banerjee.org,86,19,No,0
ORD1380,05-02-2025,09-02-2025,CUST1042,Krish Arya,Corporate,PROD1015,Rice Bag,Grocery,East,West Bengal,Korba,3,11182,15,28514.1,8707.28,2392.26,UPI,Pending,Mann LLC,gilljhalak@dhaliwal.com,15,28,Yes,49
ORD1381,19-04-2023,23-04-2023,CUST1090,Jagat Golla,Consumer,PROD1012,Mouse,Electronics,West,Telangana,Jaipur,5,6429,15,27323.25,4008.17,7282.4,Cash,Delivered,Bawa LLC,xpant@nadkarni.com,76,29,No,0
ORD1382,20-06-2024,24-06-2024,CUST1298,Saumya Badal,Corporate,PROD1004,Dining Table,Furniture,East,Haryana,Mirzapur,7,13253,5,88132.45,4559.47,56216.16,Net Banking,Delivered,Khosla and Sons,bhagatcaleb@gaba-ravi.com,53,23,No,0
ORD1383,10-04-2024,14-04-2024,CUST1217,Ekapad Sachar,Corporate,PROD1001,Study Table,Furniture,East,Sikkim,Ghaziabad,5,4700,20,18800.0,3230.55,2647.25,Credit Card,Delivered,Kulkarni Ltd,pallavi25@sarma-minhas.com,94,28,No,0
ORD1384,13-11-2023,18-11-2023,CUST1022,Logan Ramaswamy,Home Office,PROD1015,Rice Bag,Grocery,East,Odisha,Nangloi Jat,5,11182,0,55910.0,8707.28,12373.6,Credit Card,Returned,"Vig, Purohit and Saraf",lnarula@edwin-dalal.com,15,28,Yes,49
ORD1385,03-01-2023,10-01-2023,CUST1280,Pranav Kuruvilla,Home Office,PROD1006,Notebook,Office Supplies,South,Jharkhand,Nellore,3,12362,15,31523.1,4997.68,16530.06,UPI,Delivered,Swaminathan PLC,jaichopra@nadig-dube.net,100,24,No,0
ORD1386,27-09-2025,04-10-2025,CUST1151,Praneel Bhandari,Consumer,PROD1002,Sofa,Furniture,East,Uttarakhand,Satara,6,10208,15,52060.8,6313.28,14181.12,UPI,Delivered,"Mistry, Sarkar and Madan",lataanmol@varughese-lanka.net,86,19,No,0
ORD1387,20-01-2023,22-01-2023,CUST1165,Abha Zachariah,Consumer,PROD1006,Notebook,Office Supplies,South,Goa,Parbhani,5,12362,20,49448.0,4997.68,24459.6,UPI,Returned,"Bera, Dutta and Saraf",htata@sharaf-loyal.com,100,24,No,0
ORD1388,09-07-2024,15-07-2024,CUST1069,Harita Lalla,Home Office,PROD1016,Cooking Oil,Grocery,West,Jharkhand,Shivpuri,4,4479,15,15228.6,2868.85,3753.2,Credit Card,Pending,"Vig, Purohit and Saraf",lnarula@edwin-dalal.com,13,25,Yes,47
ORD1389,04-05-2025,09-05-2025,CUST1026,Zaitra Mitra,Home Office,PROD1012,Mouse,Electronics,South,West Bengal,Coimbatore,9,6429,15,49181.85,4008.17,13108.32,UPI,Delivered,Bal-Goel,banikgautam@kuruvilla.net,76,29,No,0
ORD1390,12-03-2025,19-03-2025,CUST1022,Logan Ramaswamy,Home Office,PROD1003,Bookshelf,Furniture,East,Odisha,Nangloi Jat,3,12860,10,34722.0,8267.37,9919.89,Net Banking,Returned,"Mistry, Sarkar and Madan",lataanmol@varughese-lanka.net,69,21,No,0
ORD1391,16-10-2024,20-10-2024,CUST1053,Radhika Muni,Home Office,PROD1008,File Folder,Office Supplies,South,Arunachal Pradesh,Bhiwani,2,1640,15,2788.0,1112.22,563.56,UPI,Returned,Swaminathan PLC,jaichopra@nadig-dube.net,87,28,No,0
ORD1392,04-06-2023,11-06-2023,CUST1164,Laksh Prasad,Consumer,PROD1016,Cooking Oil,Grocery,North,Goa,Salem,4,4479,15,15228.6,2868.85,3753.2,Cash,Delivered,Gill Group,tanvi56@sangha-parsa.org,13,25,Yes,47
ORD1393,13-02-2025,17-02-2025,CUST1277,Hemang Kapur,Consumer,PROD1005,Pen,Office Supplies,South,Haryana,Guntakal,1,5109,20,4087.2,1994.08,2093.12,Cash,Cancelled,"Bera, Dutta and Saraf",htata@sharaf-loyal.com,76,18,No,0
ORD1394,15-04-2024,19-04-2024,CUST1144,Tarak Krishnan,Corporate,PROD1016,Cooking Oil,Grocery,West,Uttar Pradesh,Adoni,9,4479,0,40311.0,2868.85,14491.35,Credit Card,Returned,"Vig, Purohit and Saraf",lnarula@edwin-dalal.com,13,25,Yes,47
ORD1395,07-05-2025,14-05-2025,CUST1139,Wakeeta Date,Home Office,PROD1002,Sofa,Furniture,East,Goa,Begusarai,2,10208,15,17353.6,6313.28,4727.04,Cash,Returned,Srivastava Ltd,viraj89@shan.net,86,19,No,0
ORD1396,28-10-2024,30-10-2024,CUST1000,Kai Ahluwalia,Consumer,PROD1002,Sofa,Furniture,North,Himachal Pradesh,Serampore,10,10208,15,86768.0,6313.28,23635.2,Credit Card,Cancelled,Khosla and Sons,bhagatcaleb@gaba-ravi.com,86,19,No,0
ORD1397,11-02-2023,12-02-2023,CUST1032,Ekbal Chokshi,Home Office,PROD1015,Rice Bag,Grocery,South,Karnataka,Amravati,4,11182,5,42491.6,8707.28,7662.48,Net Banking,Returned,"Amble, Bhargava and Rau",warindersharaf@ramanathan.com,15,28,Yes,49
ORD1398,06-08-2023,12-08-2023,CUST1127,Girindra Khatri,Consumer,PROD1014,Monitor,Electronics,South,Gujarat,Chinsurah,5,7430,5,35292.5,2466.9,22958.0,Cash,Pending,"Rajagopalan, Bains and Shere",mwalia@chhabra.net,55,27,No,0
ORD1399,03-01-2023,04-01-2023,CUST1185,Gaurika Kohli,Consumer,PROD1013,Headphones,Electronics,South,Gujarat,Durgapur,2,5858,5,11130.2,3406.43,4317.34,Net Banking,Delivered,Buch and Sons,balizaitra@chada.info,41,24,No,0
ORD1400,22-10-2024,26-10-2024,CUST1209,Zehaan Seth,Corporate,PROD1012,Mouse,Electronics,North,Rajasthan,Gudivada,8,6429,0,51432.0,4008.17,19366.64,Credit Card,Delivered,Bal-Goel,banikgautam@kuruvilla.net,76,29,No,0
ORD1401,03-06-2023,09-06-2023,CUST1147,Manthan Char,Consumer,PROD1016,Cooking Oil,Grocery,North,Mizoram,Rohtak,1,4479,20,3583.2,2868.85,714.35,UPI,Delivered,Mann LLC,gilljhalak@dhaliwal.com,13,25,Yes,47
ORD1402,27-02-2023,06-03-2023,CUST1145,Diya Kulkarni,Home Office,PROD1016,Cooking Oil,Grocery,West,Himachal Pradesh,Kota,10,4479,5,42550.5,2868.85,13862.0,UPI,Pending,Gill Group,tanvi56@sangha-parsa.org,13,25,Yes,47
ORD1403,18-03-2023,22-03-2023,CUST1082,Varsha Panchal,Corporate,PROD1016,Cooking Oil,Grocery,East,Tripura,Morena,1,4479,15,3807.15,2868.85,938.3,UPI,Returned,"Vig, Purohit and Saraf",lnarula@edwin-dalal.com,13,25,Yes,47
ORD1404,25-02-2024,03-03-2024,CUST1232,Yuvraj Desai,Home Office,PROD1015,Rice Bag,Grocery,East,Manipur,Sultan Pur Majra,4,11182,15,38018.8,8707.28,3189.68,Cash,Pending,Gill Group,tanvi56@sangha-parsa.org,15,28,Yes,49
ORD1405,17-01-2024,18-01-2024,CUST1027,Meera Dada,Home Office,PROD1011,Keyboard,Electronics,South,Rajasthan,Nagercoil,8,4734,0,37872.0,2786.2,15582.4,Credit Card,Returned,Buch and Sons,balizaitra@chada.info,45,23,No,0
ORD1406,25-02-2023,27-02-2023,CUST1125,Kamala Uppal,Corporate,PROD1002,Sofa,Furniture,South,Tamil Nadu,Jamalpur,7,10208,20,57164.8,6313.28,12971.84,Credit Card,Cancelled,"Bhargava, Oommen and Sethi",khannanirja@gopal.info,86,19,No,0
ORD1407,14-09-2024,17-09-2024,CUST1058,Ranbir Kar,Corporate,PROD1005,Pen,Office Supplies,North,Assam,Vasai-Virar,4,5109,5,19414.2,1994.08,11437.88,UPI,Pending,Swaminathan PLC,jaichopra@nadig-dube.net,76,18,No,0
ORD1408,23-08-2024,29-08-2024,CUST1291,Anthony Kanda,Home Office,PROD1000,Office Chairs,Furniture,East,Goa,Kochi,7,10918,20,61140.8,4093.13,32488.89,Credit Card,Pending,Khosla and Sons,bhagatcaleb@gaba-ravi.com,11,32,Yes,50
ORD1409,11-10-2025,16-10-2025,CUST1249,Rayaan Thaman,Corporate,PROD1003,Bookshelf,Furniture,North,Madhya Pradesh,Sirsa,5,12860,20,51440.0,8267.37,10103.15,Net Banking,Returned,Srivastava Ltd,viraj89@shan.net,69,21,No,0
ORD1410,21-12-2025,22-12-2025,CUST1152,Zehaan Ray,Corporate,PROD1006,Notebook,Office Supplies,East,Gujarat,Sambhal,10,12362,20,98896.0,4997.68,48919.2,Cash,Cancelled,Swaminathan PLC,jaichopra@nadig-dube.net,100,24,No,0
ORD1411,11-03-2023,15-03-2023,CUST1069,Harita Lalla,Home Office,PROD1006,Notebook,Office Supplies,West,Jharkhand,Shivpuri,5,12362,20,49448.0,4997.68,24459.6,Cash,Cancelled,Majumdar-Kala,ykhanna@anne-rama.net,100,24,No,0
ORD1412,30-04-2025,02-05-2025,CUST1285,Aadi Varty,Home Office,PROD1010,Laptop,Electronics,East,Meghalaya,Madhyamgram,3,6866,5,19568.1,3602.05,8761.95,Cash,Cancelled,Bawa LLC,xpant@nadkarni.com,15,31,Yes,41
ORD1413,14-04-2024,21-04-2024,CUST1192,Wakeeta Dasgupta,Home Office,PROD1010,Laptop,Electronics,North,Tripura,Ballia,2,6866,15,11672.2,3602.05,4468.1,Credit Card,Delivered,Bawa LLC,xpant@nadkarni.com,15,31,Yes,41
ORD1414,18-05-2025,19-05-2025,CUST1170,Kabir Kade,Home Office,PROD1009,Calculator,Office Supplies,North,Odisha,Saharanpur,8,14475,5,110010.0,10128.45,28982.4,UPI,Cancelled,Swaminathan PLC,jaichopra@nadig-dube.net,81,19,No,0
ORD1415,20-08-2025,23-08-2025,CUST1252,Manya Kari,Consumer,PROD1016,Cooking Oil,Grocery,North,Kerala,Vijayawada,5,4479,0,22395.0,2868.85,8050.75,Cash,Returned,Mann LLC,gilljhalak@dhaliwal.com,13,25,Yes,47
ORD1416,15-06-2023,18-06-2023,CUST1260,Harsh Kohli,Corporate,PROD1016,Cooking Oil,Grocery,North,Kerala,Chandrapur,3,4479,5,12765.15,2868.85,4158.6,Cash,Pending,Mann LLC,gilljhalak@dhaliwal.com,13,25,Yes,47
ORD1417,19-11-2025,23-11-2025,CUST1279,Gagan Raj,Consumer,PROD1015,Rice Bag,Grocery,South,Uttar Pradesh,Tadipatri,10,11182,0,111820.0,8707.28,24747.2,Net Banking,Pending,Dube-Mander,vchoudhry@dhar.com,15,28,Yes,49
ORD1418,27-01-2023,28-01-2023,CUST1041,Gopal Dey,Consumer,PROD1001,Study Table,Furniture,East,Himachal Pradesh,Kolhapur,1,4700,5,4465.0,3230.55,1234.45,Net Banking,Returned,"Mistry, Sarkar and Madan",lataanmol@varughese-lanka.net,94,28,No,0
ORD1419,12-10-2023,17-10-2023,CUST1191,Lajita Varghese,Home Office,PROD1010,Laptop,Electronics,East,Telangana,Karnal,6,6866,15,35016.6,3602.05,13404.3,Net Banking,Delivered,"Rajagopalan, Bains and Shere",mwalia@chhabra.net,15,31,Yes,41
ORD1420,24-07-2024,31-07-2024,CUST1222,Chatura Nagi,Consumer,PROD1001,Study Table,Furniture,North,Assam,Bhilwara,4,4700,0,18800.0,3230.55,5877.8,Cash,Delivered,"Mistry, Sarkar and Madan",lataanmol@varughese-lanka.net,94,28,No,0
ORD1421,11-09-2024,12-09-2024,CUST1143,Gaurangi Bava,Corporate,PROD1015,Rice Bag,Grocery,East,Chhattisgarh,Thiruvananthapuram,1,11182,20,8945.6,8707.28,238.32,Cash,Returned,Mahal-Oza,omyabaral@rajagopal.com,15,28,Yes,49
ORD1422,29-11-2023,30-11-2023,CUST1230,Indrajit Madan,Home Office,PROD1015,Rice Bag,Grocery,South,Uttar Pradesh,Gudivada,10,11182,0,111820.0,8707.28,24747.2,Credit Card,Pending,Gill Group,tanvi56@sangha-parsa.org,15,28,Yes,49
ORD1423,17-11-2024,22-11-2024,CUST1215,Pahal Chowdhury,Home Office,PROD1002,Sofa,Furniture,East,Maharashtra,Karawal Nagar,7,10208,20,57164.8,6313.28,12971.84,Cash,Pending,Arya-Malhotra,jeremiah96@de.com,86,19,No,0
ORD1424,21-10-2023,24-10-2023,CUST1267,Yashica Aurora,Corporate,PROD1003,Bookshelf,Furniture,North,Maharashtra,Udaipur,5,12860,20,51440.0,8267.37,10103.15,Net Banking,Pending,Arya-Malhotra,jeremiah96@de.com,69,21,No,0
ORD1425,08-01-2025,13-01-2025,CUST1283,Yoshita Sagar,Corporate,PROD1010,Laptop,Electronics,West,Bihar,South Dumdum,7,6866,0,48062.0,3602.05,22847.65,Cash,Pending,Bawa LLC,xpant@nadkarni.com,15,31,Yes,41
ORD1426,28-06-2025,29-06-2025,CUST1168,Aayush Setty,Home Office,PROD1008,File Folder,Office Supplies,South,Andhra Pradesh,Nagercoil,6,1640,15,8364.0,1112.22,1690.68,Net Banking,Returned,Raval-Sani,bariaodika@sane.com,87,28,No,0
ORD1427,27-02-2024,29-02-2024,CUST1072,Caleb Bath,Home Office,PROD1007,Stapler,Office Supplies,North,Himachal Pradesh,Aligarh,2,10905,20,17448.0,8458.2,531.6,Cash,Pending,Ben Ltd,gunbir50@kuruvilla.com,14,31,Yes,34
ORD1428,21-10-2025,27-10-2025,CUST1273,Sneha Gokhale,Corporate,PROD1016,Cooking Oil,Grocery,East,Assam,Mangalore,10,4479,0,44790.0,2868.85,16101.5,Cash,Cancelled,"Amble, Bhargava and Rau",warindersharaf@ramanathan.com,13,25,Yes,47
ORD1429,04-03-2023,11-03-2023,CUST1129,Vritti Deep,Home Office,PROD1016,Cooking Oil,Grocery,East,Assam,Ichalkaranji,7,4479,0,31353.0,2868.85,11271.05,UPI,Pending,Gill Group,tanvi56@sangha-parsa.org,13,25,Yes,47
ORD1430,31-05-2023,05-06-2023,CUST1259,Balhaar Vohra,Home Office,PROD1002,Sofa,Furniture,East,Goa,Nellore,7,10208,20,57164.8,6313.28,12971.84,Net Banking,Delivered,"Mistry, Sarkar and Madan",lataanmol@varughese-lanka.net,86,19,No,0
ORD1431,26-07-2024,30-07-2024,CUST1181,Adweta Bir,Corporate,PROD1011,Keyboard,Electronics,West,Himachal Pradesh,Tadepalligudem,7,4734,15,28167.3,2786.2,8663.9,UPI,Delivered,Hari-Sehgal,harishrege@karpe.net,45,23,No,0
ORD1432,01-05-2025,02-05-2025,CUST1227,Damini Chowdhury,Consumer,PROD1014,Monitor,Electronics,West,Nagaland,Dewas,7,7430,20,41608.0,2466.9,24339.7,Cash,Returned,Buch and Sons,balizaitra@chada.info,55,27,No,0
ORD1433,28-03-2025,02-04-2025,CUST1252,Manya Kari,Consumer,PROD1015,Rice Bag,Grocery,North,Kerala,Vijayawada,4,11182,15,38018.8,8707.28,3189.68,Net Banking,Returned,Mahal-Oza,omyabaral@rajagopal.com,15,28,Yes,49
ORD1434,22-05-2025,27-05-2025,CUST1145,Diya Kulkarni,Home Office,PROD1005,Pen,Office Supplies,West,Himachal Pradesh,Kota,6,5109,15,26055.9,1994.08,14091.42,Credit Card,Pending,Ben Ltd,gunbir50@kuruvilla.com,76,18,No,0
ORD1435,15-04-2024,16-04-2024,CUST1123,Balendra Sani,Corporate,PROD1010,Laptop,Electronics,West,Uttar Pradesh,Singrauli,7,6866,15,40852.7,3602.05,15638.35,Net Banking,Delivered,Hari-Sehgal,harishrege@karpe.net,15,31,Yes,41
ORD1436,23-06-2025,25-06-2025,CUST1238,Ikshita Sandal,Home Office,PROD1009,Calculator,Office Supplies,South,Tripura,Agra,6,14475,20,69480.0,10128.45,8709.3,Credit Card,Cancelled,Swaminathan PLC,jaichopra@nadig-dube.net,81,19,No,0
ORD1437,26-06-2025,29-06-2025,CUST1217,Ekapad Sachar,Corporate,PROD1010,Laptop,Electronics,North,Sikkim,Ghaziabad,5,6866,20,27464.0,3602.05,9453.75,Net Banking,Returned,"Rajagopalan, Bains and Shere",mwalia@chhabra.net,15,31,Yes,41
ORD1438,04-10-2024,11-10-2024,CUST1131,Andrew Kala,Home Office,PROD1012,Mouse,Electronics,East,Gujarat,Kadapa,8,6429,0,51432.0,4008.17,19366.64,Credit Card,Delivered,Sethi-Natarajan,dinhredhaan@sodhi-mani.info,76,29,No,0
ORD1439,10-08-2025,13-08-2025,CUST1205,Patrick Dasgupta,Corporate,PROD1014,Monitor,Electronics,North,Himachal Pradesh,Vijayawada,3,7430,15,18946.5,2466.9,11545.8,Cash,Delivered,Bal-Goel,banikgautam@kuruvilla.net,55,27,No,0
ORD1440,11-07-2025,18-07-2025,CUST1096,Baghyawati Mutti,Home Office,PROD1013,Headphones,Electronics,West,Sikkim,Sirsa,1,5858,0,5858.0,3406.43,2451.57,UPI,Pending,Bal-Goel,banikgautam@kuruvilla.net,41,24,No,0
ORD1441,23-01-2024,24-01-2024,CUST1047,Reva Malhotra,Consumer,PROD1008,File Folder,Office Supplies,South,Himachal Pradesh,Udupi,10,1640,20,13120.0,1112.22,1997.8,Credit Card,Returned,"Bera, Dutta and Saraf",htata@sharaf-loyal.com,87,28,No,0
ORD1442,26-07-2025,31-07-2025,CUST1047,Reva Malhotra,Consumer,PROD1009,Calculator,Office Supplies,South,Himachal Pradesh,Udupi,7,14475,20,81060.0,10128.45,10160.85,Cash,Pending,"Bera, Dutta and Saraf",htata@sharaf-loyal.com,81,19,No,0
ORD1443,23-03-2024,27-03-2024,CUST1147,Manthan Char,Consumer,PROD1000,Office Chairs,Furniture,South,Mizoram,Rohtak,3,10918,0,32754.0,4093.13,20474.61,Net Banking,Returned,Kulkarni Ltd,pallavi25@sarma-minhas.com,11,32,Yes,50
ORD1444,23-05-2025,24-05-2025,CUST1148,Megha Sangha,Consumer,PROD1001,Study Table,Furniture,West,Gujarat,Muzaffarnagar,2,4700,0,9400.0,3230.55,2938.9,Cash,Returned,Kulkarni Ltd,pallavi25@sarma-minhas.com,94,28,No,0
ORD1445,06-10-2023,10-10-2023,CUST1231,Eta Sastry,Home Office,PROD1001,Study Table,Furniture,East,Telangana,Sirsa,2,4700,5,8930.0,3230.55,2468.9,UPI,Returned,Wali-Choudhry,gaurika24@banerjee.org,94,28,No,0
ORD1446,17-10-2024,19-10-2024,CUST1231,Eta Sastry,Home Office,PROD1015,Rice Bag,Grocery,West,Telangana,Sirsa,2,11182,15,19009.4,8707.28,1594.84,Cash,Delivered,Mann LLC,gilljhalak@dhaliwal.com,15,28,Yes,49
ORD1447,19-06-2025,22-06-2025,CUST1054,Kavya Gopal,Consumer,PROD1000,Office Chairs,Furniture,North,Maharashtra,Kalyan-Dombivli,6,10918,0,65508.0,4093.13,40949.22,Cash,Returned,Arya-Malhotra,jeremiah96@de.com,11,32,Yes,50
ORD1448,19-11-2024,24-11-2024,CUST1110,Christopher Raval,Corporate,PROD1002,Sofa,Furniture,East,Jharkhand,Rajpur Sonarpur,2,10208,20,16332.8,6313.28,3706.24,Cash,Cancelled,Srivastava Ltd,viraj89@shan.net,86,19,No,0
ORD1449,12-03-2024,17-03-2024,CUST1088,Shivansh Balasubramanian,Corporate,PROD1006,Notebook,Office Supplies,South,Madhya Pradesh,Muzaffarnagar,7,12362,10,77880.6,4997.68,42896.84,UPI,Delivered,Swaminathan PLC,jaichopra@nadig-dube.net,100,24,No,0
ORD1450,07-02-2025,09-02-2025,CUST1293,Samar Baria,Home Office,PROD1016,Cooking Oil,Grocery,East,Madhya Pradesh,Bokaro,2,4479,15,7614.3,2868.85,1876.6,Credit Card,Cancelled,Mahal-Oza,omyabaral@rajagopal.com,13,25,Yes,47
ORD1451,11-04-2023,16-04-2023,CUST1017,Diya Mander,Corporate,PROD1015,Rice Bag,Grocery,East,Uttar Pradesh,Gorakhpur,7,11182,5,74360.3,8707.28,13409.34,Credit Card,Returned,Mahal-Oza,omyabaral@rajagopal.com,15,28,Yes,49
ORD1452,08-11-2025,15-11-2025,CUST1177,Ayushman Jain,Home Office,PROD1010,Laptop,Electronics,East,Andhra Pradesh,Navi Mumbai,8,6866,15,46688.8,3602.05,17872.4,Cash,Returned,Bawa LLC,xpant@nadkarni.com,15,31,Yes,41
ORD1453,13-01-2025,16-01-2025,CUST1106,Anay Sandhu,Consumer,PROD1001,Study Table,Furniture,South,Meghalaya,Bhind,5,4700,0,23500.0,3230.55,7347.25,Cash,Pending,Khosla and Sons,bhagatcaleb@gaba-ravi.com,94,28,No,0
ORD1454,16-05-2024,20-05-2024,CUST1107,Januja Sodhi,Consumer,PROD1012,Mouse,Electronics,East,Nagaland,Bettiah,8,6429,20,41145.6,4008.17,9080.24,Credit Card,Cancelled,Bal-Goel,banikgautam@kuruvilla.net,76,29,No,0
ORD1455,19-05-2023,21-05-2023,CUST1175,David Puri,Consumer,PROD1015,Rice Bag,Grocery,North,Bihar,Cuttack,3,11182,0,33546.0,8707.28,7424.16,Cash,Cancelled,"Vig, Purohit and Saraf",lnarula@edwin-dalal.com,15,28,Yes,49
ORD1456,28-07-2023,31-07-2023,CUST1259,Balhaar Vohra,Home Office,PROD1007,Stapler,Office Supplies,North,Goa,Nellore,8,10905,5,82878.0,8458.2,15212.4,Credit Card,Cancelled,"Bera, Dutta and Saraf",htata@sharaf-loyal.com,14,31,Yes,34
ORD1457,12-06-2023,16-06-2023,CUST1136,Nirja Ganguly,Corporate,PROD1000,Office Chairs,Furniture,West,Chhattisgarh,Chennai,5,10918,20,43672.0,4093.13,23206.35,Credit Card,Cancelled,Khosla and Sons,bhagatcaleb@gaba-ravi.com,11,32,Yes,50
ORD1458,15-03-2023,19-03-2023,CUST1072,Caleb Bath,Home Office,PROD1004,Dining Table,Furniture,South,Himachal Pradesh,Aligarh,1,13253,5,12590.35,4559.47,8030.88,Net Banking,Delivered,"Bhargava, Oommen and Sethi",khannanirja@gopal.info,53,23,No,0
ORD1459,14-10-2023,18-10-2023,CUST1155,Sachi Ganesh,Consumer,PROD1000,Office Chairs,Furniture,South,Manipur,Mirzapur,1,10918,20,8734.4,4093.13,4641.27,UPI,Cancelled,Arya-Malhotra,jeremiah96@de.com,11,32,Yes,50
ORD1460,15-10-2023,17-10-2023,CUST1241,Panini Dar,Consumer,PROD1016,Cooking Oil,Grocery,North,Himachal Pradesh,Jalna,1,4479,0,4479.0,2868.85,1610.15,UPI,Returned,"Vig, Purohit and Saraf",lnarula@edwin-dalal.com,13,25,Yes,47
ORD1461,25-04-2023,28-04-2023,CUST1138,Aishani Loke,Consumer,PROD1006,Notebook,Office Supplies,East,Sikkim,Ratlam,8,12362,15,84061.6,4997.68,44080.16,Net Banking,Pending,Swaminathan PLC,jaichopra@nadig-dube.net,100,24,No,0
ORD1462,28-07-2023,01-08-2023,CUST1020,Siya Nayak,Consumer,PROD1011,Keyboard,Electronics,South,Maharashtra,Pudukkottai,3,4734,10,12781.8,2786.2,4423.2,UPI,Cancelled,"Rajagopalan, Bains and Shere",mwalia@chhabra.net,45,23,No,0
ORD1463,16-10-2023,22-10-2023,CUST1103,Kritika Balasubramanian,Corporate,PROD1010,Laptop,Electronics,South,Chhattisgarh,Arrah,4,6866,15,23344.4,3602.05,8936.2,Net Banking,Returned,Buch and Sons,balizaitra@chada.info,15,31,Yes,41
ORD1464,16-01-2023,22-01-2023,CUST1054,Kavya Gopal,Consumer,PROD1016,Cooking Oil,Grocery,South,Maharashtra,Kalyan-Dombivli,3,4479,10,12093.3,2868.85,3486.75,Net Banking,Cancelled,Mann LLC,gilljhalak@dhaliwal.com,13,25,Yes,47
ORD1465,08-12-2023,13-12-2023,CUST1037,Luke Keer,Corporate,PROD1010,Laptop,Electronics,North,Manipur,Anantapur,2,6866,20,10985.6,3602.05,3781.5,Cash,Delivered,Sethi-Natarajan,dinhredhaan@sodhi-mani.info,15,31,Yes,41
ORD1466,01-03-2024,05-03-2024,CUST1156,Jacob Bal,Corporate,PROD1009,Calculator,Office Supplies,South,Manipur,Durg,9,14475,10,117247.5,10128.45,26091.45,Credit Card,Returned,"More, Parmer and Dey",vgola@balakrishnan-sarin.net,81,19,No,0
ORD1467,14-06-2023,17-06-2023,CUST1240,Shivansh Khalsa,Corporate,PROD1006,Notebook,Office Supplies,North,Haryana,Raurkela Industrial Township,9,12362,15,94569.3,4997.68,49590.18,Net Banking,Delivered,"Bera, Dutta and Saraf",htata@sharaf-loyal.com,100,24,No,0
ORD1468,11-05-2024,14-05-2024,CUST1038,Ijaya Mangal,Corporate,PROD1004,Dining Table,Furniture,West,Maharashtra,Narasaraopet,3,13253,10,35783.1,4559.47,22104.69,UPI,Cancelled,Srivastava Ltd,viraj89@shan.net,53,23,No,0
ORD1469,30-12-2024,03-01-2025,CUST1074,Logan Konda,Home Office,PROD1000,Office Chairs,Furniture,South,Bihar,Siliguri,2,10918,5,20744.2,4093.13,12557.94,UPI,Cancelled,Arya-Malhotra,jeremiah96@de.com,11,32,Yes,50
ORD1470,29-01-2025,03-02-2025,CUST1249,Rayaan Thaman,Corporate,PROD1009,Calculator,Office Supplies,West,Madhya Pradesh,Sirsa,9,14475,15,110733.75,10128.45,19577.7,Credit Card,Returned,Majumdar-Kala,ykhanna@anne-rama.net,81,19,No,0
ORD1471,03-03-2025,08-03-2025,CUST1209,Zehaan Seth,Corporate,PROD1003,Bookshelf,Furniture,South,Rajasthan,Gudivada,8,12860,0,102880.0,8267.37,36741.04,UPI,Delivered,Kulkarni Ltd,pallavi25@sarma-minhas.com,69,21,No,0
ORD1472,04-07-2024,10-07-2024,CUST1025,Shivansh Bir,Corporate,PROD1008,File Folder,Office Supplies,North,Himachal Pradesh,Hubli–Dharwad,1,1640,10,1476.0,1112.22,363.78,Credit Card,Returned,Ben Ltd,gunbir50@kuruvilla.com,87,28,No,0
ORD1473,29-11-2024,02-12-2024,CUST1000,Kai Ahluwalia,Consumer,PROD1011,Keyboard,Electronics,West,Himachal Pradesh,Serampore,10,4734,20,37872.0,2786.2,10010.0,UPI,Cancelled,Bal-Goel,banikgautam@kuruvilla.net,45,23,No,0
ORD1474,15-12-2024,19-12-2024,CUST1233,Agastya Yogi,Home Office,PROD1005,Pen,Office Supplies,South,Uttarakhand,Pondicherry,4,5109,10,18392.4,1994.08,10416.08,Net Banking,Returned,Raval-Sani,bariaodika@sane.com,76,18,No,0
ORD1475,16-02-2023,17-02-2023,CUST1074,Logan Konda,Home Office,PROD1015,Rice Bag,Grocery,East,Bihar,Siliguri,4,11182,15,38018.8,8707.28,3189.68,UPI,Pending,Gill Group,tanvi56@sangha-parsa.org,15,28,Yes,49
ORD1476,03-02-2024,08-02-2024,CUST1060,Yatin Lala,Home Office,PROD1016,Cooking Oil,Grocery,South,Kerala,Indore,6,4479,0,26874.0,2868.85,9660.9,Net Banking,Cancelled,"Vig, Purohit and Saraf",lnarula@edwin-dalal.com,13,25,Yes,47
ORD1477,20-07-2025,23-07-2025,CUST1296,Qadim Sen,Corporate,PROD1016,Cooking Oil,Grocery,South,Punjab,Srinagar,1,4479,20,3583.2,2868.85,714.35,Cash,Returned,Dube-Mander,vchoudhry@dhar.com,13,25,Yes,47
ORD1478,20-04-2023,27-04-2023,CUST1007,Diya Badal,Consumer,PROD1013,Headphones,Electronics,West,Telangana,Patna,2,5858,15,9958.6,3406.43,3145.74,UPI,Cancelled,Bal-Goel,banikgautam@kuruvilla.net,41,24,No,0
ORD1479,14-04-2024,18-04-2024,CUST1101,Qabil Gola,Home Office,PROD1002,Sofa,Furniture,South,Nagaland,Gopalpur,3,10208,0,30624.0,6313.28,11684.16,Net Banking,Pending,Kulkarni Ltd,pallavi25@sarma-minhas.com,86,19,No,0
ORD1480,08-08-2024,09-08-2024,CUST1128,Baghyawati Barad,Home Office,PROD1015,Rice Bag,Grocery,East,Jharkhand,Tirupati,10,11182,10,100638.0,8707.28,13565.2,UPI,Cancelled,"Vig, Purohit and Saraf",lnarula@edwin-dalal.com,15,28,Yes,49
ORD1481,02-12-2023,07-12-2023,CUST1044,Varsha Rajagopal,Home Office,PROD1016,Cooking Oil,Grocery,West,Tamil Nadu,Bhatpara,5,4479,20,17916.0,2868.85,3571.75,UPI,Returned,Gill Group,tanvi56@sangha-parsa.org,13,25,Yes,47
ORD1482,31-03-2025,05-04-2025,CUST1253,Urvi Som,Corporate,PROD1008,File Folder,Office Supplies,East,Andhra Pradesh,Khandwa,2,1640,10,2952.0,1112.22,727.56,Net Banking,Cancelled,Swaminathan PLC,jaichopra@nadig-dube.net,87,28,No,0
ORD1483,06-04-2025,13-04-2025,CUST1127,Girindra Khatri,Consumer,PROD1012,Mouse,Electronics,North,Gujarat,Chinsurah,7,6429,20,36002.4,4008.17,7945.21,Cash,Returned,"Rajagopalan, Bains and Shere",mwalia@chhabra.net,76,29,No,0
ORD1484,06-06-2024,12-06-2024,CUST1169,Samaksh Bhandari,Corporate,PROD1003,Bookshelf,Furniture,North,Nagaland,Pune,7,12860,15,76517.0,8267.37,18645.41,Cash,Returned,Arya-Malhotra,jeremiah96@de.com,69,21,No,0
ORD1485,23-08-2024,26-08-2024,CUST1205,Patrick Dasgupta,Corporate,PROD1002,Sofa,Furniture,North,Himachal Pradesh,Vijayawada,10,10208,10,91872.0,6313.28,28739.2,Net Banking,Pending,Kulkarni Ltd,pallavi25@sarma-minhas.com,86,19,No,0
ORD1486,23-02-2024,29-02-2024,CUST1161,Mitesh Jaggi,Corporate,PROD1015,Rice Bag,Grocery,North,Bihar,Barasat,8,11182,0,89456.0,8707.28,19797.76,Net Banking,Delivered,Gill Group,tanvi56@sangha-parsa.org,15,28,Yes,49
ORD1487,12-04-2025,14-04-2025,CUST1070,Pushti Dar,Consumer,PROD1004,Dining Table,Furniture,North,Rajasthan,Dibrugarh,10,13253,5,125903.5,4559.47,80308.8,Net Banking,Cancelled,Srivastava Ltd,viraj89@shan.net,53,23,No,0
ORD1488,13-10-2025,17-10-2025,CUST1163,Advika Loyal,Home Office,PROD1010,Laptop,Electronics,East,Madhya Pradesh,Sambhal,5,6866,15,29180.5,3602.05,11170.25,Cash,Delivered,Bawa LLC,xpant@nadkarni.com,15,31,Yes,41
ORD1489,07-06-2024,10-06-2024,CUST1198,Tristan Date,Home Office,PROD1014,Monitor,Electronics,East,Tamil Nadu,Bilaspur,8,7430,20,47552.0,2466.9,27816.8,Credit Card,Cancelled,Hari-Sehgal,harishrege@karpe.net,55,27,No,0
ORD1490,26-05-2025,29-05-2025,CUST1026,Zaitra Mitra,Home Office,PROD1011,Keyboard,Electronics,East,West Bengal,Coimbatore,6,4734,0,28404.0,2786.2,11686.8,Net Banking,Pending,Buch and Sons,balizaitra@chada.info,45,23,No,0
ORD1491,06-01-2025,10-01-2025,CUST1176,Riya Kalla,Corporate,PROD1014,Monitor,Electronics,East,Punjab,Machilipatnam,5,7430,10,33435.0,2466.9,21100.5,UPI,Returned,Buch and Sons,balizaitra@chada.info,55,27,No,0
ORD1492,25-12-2025,28-12-2025,CUST1104,Garima Lalla,Consumer,PROD1008,File Folder,Office Supplies,West,Uttarakhand,Pune,5,1640,0,8200.0,1112.22,2638.9,UPI,Delivered,Majumdar-Kala,ykhanna@anne-rama.net,87,28,No,0
ORD1493,22-10-2024,25-10-2024,CUST1103,Kritika Balasubramanian,Corporate,PROD1012,Mouse,Electronics,South,Chhattisgarh,Arrah,5,6429,15,27323.25,4008.17,7282.4,Net Banking,Cancelled,"Rajagopalan, Bains and Shere",mwalia@chhabra.net,76,29,No,0
ORD1494,03-10-2024,05-10-2024,CUST1048,Ikshita Narula,Corporate,PROD1000,Office Chairs,Furniture,East,Nagaland,Jalgaon,8,10918,15,74242.4,4093.13,41497.36,UPI,Delivered,Khosla and Sons,bhagatcaleb@gaba-ravi.com,11,32,Yes,50
ORD1495,31-05-2024,07-06-2024,CUST1125,Kamala Uppal,Corporate,PROD1014,Monitor,Electronics,East,Tamil Nadu,Jamalpur,7,7430,15,44208.5,2466.9,26940.2,Cash,Delivered,Bawa LLC,xpant@nadkarni.com,55,27,No,0
ORD1496,16-09-2024,20-09-2024,CUST1031,Yochana Kunda,Home Office,PROD1003,Bookshelf,Furniture,East,Andhra Pradesh,Raebareli,5,12860,15,54655.0,8267.37,13318.15,UPI,Returned,Khosla and Sons,bhagatcaleb@gaba-ravi.com,69,21,No,0
ORD1497,15-03-2023,16-03-2023,CUST1052,Raagini Sekhon,Consumer,PROD1007,Stapler,Office Supplies,West,Arunachal Pradesh,Tadipatri,9,10905,20,78516.0,8458.2,2392.2,Net Banking,Delivered,Ben Ltd,gunbir50@kuruvilla.com,14,31,Yes,34
ORD1498,31-12-2024,03-01-2025,CUST1044,Varsha Rajagopal,Home Office,PROD1001,Study Table,Furniture,South,Tamil Nadu,Bhatpara,5,4700,15,19975.0,3230.55,3822.25,Credit Card,Cancelled,Kulkarni Ltd,pallavi25@sarma-minhas.com,94,28,No,0
ORD1499,29-05-2025,04-06-2025,CUST1289,Ekiya Bhavsar,Corporate,PROD1008,File Folder,Office Supplies,North,Bihar,Khammam,3,1640,15,4182.0,1112.22,845.34,Net Banking,Cancelled,"More, Parmer and Dey",vgola@balakrishnan-sarin.net,87,28,No,0
ORD1500,22-07-2025,28-07-2025,CUST1266,Hamsini Kashyap,Home Office,PROD1014,Monitor,Electronics,North,Goa,Anantapuram,1,7430,5,7058.5,2466.9,4591.6,Cash,Pending,Hari-Sehgal,harishrege@karpe.net,55,27,No,0
ORD1501,22-04-2023,24-04-2023,CUST1143,Gaurangi Bava,Corporate,PROD1006,Notebook,Office Supplies,South,Chhattisgarh,Thiruvananthapuram,5,12362,5,58719.5,4997.68,33731.1,Cash,Cancelled,"Bera, Dutta and Saraf",htata@sharaf-loyal.com,100,24,No,0
ORD1502,20-08-2024,24-08-2024,CUST1140,Vihaan Mallick,Corporate,PROD1016,Cooking Oil,Grocery,South,Goa,Bhiwani,7,4479,5,29785.35,2868.85,9703.4,UPI,Delivered,Mahal-Oza,omyabaral@rajagopal.com,13,25,Yes,47
ORD1503,10-04-2023,16-04-2023,CUST1242,Vivaan Chandra,Consumer,PROD1014,Monitor,Electronics,East,Sikkim,Aligarh,1,7430,15,6315.5,2466.9,3848.6,Net Banking,Pending,"Rajagopalan, Bains and Shere",mwalia@chhabra.net,55,27,No,0
ORD1504,23-02-2023,26-02-2023,CUST1226,Kamala Tiwari,Consumer,PROD1016,Cooking Oil,Grocery,South,Telangana,Bhavnagar,5,4479,15,19035.75,2868.85,4691.5,Credit Card,Returned,"Vig, Purohit and Saraf",lnarula@edwin-dalal.com,13,25,Yes,47
ORD1505,16-05-2025,17-05-2025,CUST1288,Zayyan Chaudry,Home Office,PROD1011,Keyboard,Electronics,South,Kerala,Karaikudi,8,4734,0,37872.0,2786.2,15582.4,Credit Card,Cancelled,Bal-Goel,banikgautam@kuruvilla.net,45,23,No,0
ORD1506,06-12-2024,07-12-2024,CUST1013,Jagat Sarkar,Corporate,PROD1005,Pen,Office Supplies,East,Karnataka,Kharagpur,8,5109,15,34741.2,1994.08,18788.56,Cash,Delivered,Majumdar-Kala,ykhanna@anne-rama.net,76,18,No,0
ORD1507,09-06-2024,14-06-2024,CUST1044,Varsha Rajagopal,Home Office,PROD1001,Study Table,Furniture,East,Tamil Nadu,Bhatpara,8,4700,20,30080.0,3230.55,4235.6,UPI,Delivered,Kulkarni Ltd,pallavi25@sarma-minhas.com,94,28,No,0
ORD1508,25-07-2025,26-07-2025,CUST1024,Vasana Viswanathan,Home Office,PROD1015,Rice Bag,Grocery,South,Odisha,Ludhiana,10,11182,15,95047.0,8707.28,7974.2,UPI,Pending,Gill Group,tanvi56@sangha-parsa.org,15,28,Yes,49
ORD1509,07-03-2025,10-03-2025,CUST1003,Falan Aurora,Consumer,PROD1016,Cooking Oil,Grocery,North,Chhattisgarh,Shimoga,4,4479,0,17916.0,2868.85,6440.6,UPI,Pending,"Amble, Bhargava and Rau",warindersharaf@ramanathan.com,13,25,Yes,47
ORD1510,15-07-2023,19-07-2023,CUST1105,Shravya Deshmukh,Corporate,PROD1015,Rice Bag,Grocery,South,Uttar Pradesh,Thoothukudi,1,11182,20,8945.6,8707.28,238.32,Credit Card,Cancelled,Mann LLC,gilljhalak@dhaliwal.com,15,28,Yes,49
ORD1511,07-04-2024,10-04-2024,CUST1257,Reva Mand,Home Office,PROD1013,Headphones,Electronics,North,Odisha,Madanapalle,2,5858,10,10544.4,3406.43,3731.54,UPI,Delivered,Hari-Sehgal,harishrege@karpe.net,41,24,No,0
ORD1512,14-09-2025,15-09-2025,CUST1235,Faras Gola,Home Office,PROD1015,Rice Bag,Grocery,East,Meghalaya,Rajpur Sonarpur,5,11182,15,47523.5,8707.28,3987.1,Cash,Cancelled,Dube-Mander,vchoudhry@dhar.com,15,28,Yes,49
ORD1513,13-05-2024,18-05-2024,CUST1178,Jhalak Kanda,Consumer,PROD1015,Rice Bag,Grocery,West,Arunachal Pradesh,Silchar,10,11182,5,106229.0,8707.28,19156.2,UPI,Cancelled,Mahal-Oza,omyabaral@rajagopal.com,15,28,Yes,49
ORD1514,31-08-2024,06-09-2024,CUST1174,Arunima Ganesh,Home Office,PROD1000,Office Chairs,Furniture,West,Mizoram,Munger,7,10918,5,72604.7,4093.13,43952.79,Credit Card,Cancelled,"Bhargava, Oommen and Sethi",khannanirja@gopal.info,11,32,Yes,50
ORD1515,09-02-2023,12-02-2023,CUST1175,David Puri,Consumer,PROD1012,Mouse,Electronics,West,Bihar,Cuttack,10,6429,0,64290.0,4008.17,24208.3,Cash,Returned,Hari-Sehgal,harishrege@karpe.net,76,29,No,0
ORD1516,16-11-2024,23-11-2024,CUST1219,Janya Mistry,Consumer,PROD1011,Keyboard,Electronics,East,Jharkhand,Nizamabad,6,4734,20,22723.2,2786.2,6006.0,UPI,Pending,Hari-Sehgal,harishrege@karpe.net,45,23,No,0
ORD1517,24-09-2025,29-09-2025,CUST1293,Samar Baria,Home Office,PROD1004,Dining Table,Furniture,South,Madhya Pradesh,Bokaro,10,13253,20,106024.0,4559.47,60429.3,Cash,Returned,Srivastava Ltd,viraj89@shan.net,53,23,No,0
ORD1518,15-01-2023,21-01-2023,CUST1115,Charles Kata,Consumer,PROD1008,File Folder,Office Supplies,West,Punjab,Purnia,4,1640,10,5904.0,1112.22,1455.12,Cash,Pending,Raval-Sani,bariaodika@sane.com,87,28,No,0
ORD1519,28-06-2025,29-06-2025,CUST1274,Indira Gole,Home Office,PROD1001,Study Table,Furniture,West,Uttarakhand,Giridih,3,4700,0,14100.0,3230.55,4408.35,Credit Card,Delivered,Wali-Choudhry,gaurika24@banerjee.org,94,28,No,0
ORD1520,16-07-2023,21-07-2023,CUST1066,William Raval,Corporate,PROD1006,Notebook,Office Supplies,West,Andhra Pradesh,Kolhapur,3,12362,10,33377.4,4997.68,18384.36,UPI,Returned,"Bera, Dutta and Saraf",htata@sharaf-loyal.com,100,24,No,0
ORD1521,09-05-2023,16-05-2023,CUST1224,Rajeshri Chawla,Corporate,PROD1016,Cooking Oil,Grocery,East,Manipur,Miryalaguda,1,4479,0,4479.0,2868.85,1610.15,Cash,Returned,Gill Group,tanvi56@sangha-parsa.org,13,25,Yes,47
ORD1522,28-01-2023,03-02-2023,CUST1224,Rajeshri Chawla,Corporate,PROD1012,Mouse,Electronics,East,Manipur,Miryalaguda,6,6429,5,36645.3,4008.17,12596.28,UPI,Delivered,"Rajagopalan, Bains and Shere",mwalia@chhabra.net,76,29,No,0
ORD1523,28-12-2024,30-12-2024,CUST1163,Advika Loyal,Home Office,PROD1001,Study Table,Furniture,East,Madhya Pradesh,Sambhal,4,4700,15,15980.0,3230.55,3057.8,Credit Card,Delivered,"Mistry, Sarkar and Madan",lataanmol@varughese-lanka.net,94,28,No,0
ORD1524,28-07-2025,30-07-2025,CUST1011,Max Manne,Home Office,PROD1011,Keyboard,Electronics,South,Uttar Pradesh,Kolkata,4,4734,10,17042.4,2786.2,5897.6,UPI,Pending,Hari-Sehgal,harishrege@karpe.net,45,23,No,0
ORD1525,23-08-2024,27-08-2024,CUST1109,Devika Misra,Consumer,PROD1008,File Folder,Office Supplies,East,Punjab,Bijapur,2,1640,5,3116.0,1112.22,891.56,Credit Card,Returned,"Bera, Dutta and Saraf",htata@sharaf-loyal.com,87,28,No,0
ORD1526,02-08-2023,04-08-2023,CUST1199,Jagvi Natt,Home Office,PROD1006,Notebook,Office Supplies,North,Maharashtra,Davanagere,1,12362,10,11125.8,4997.68,6128.12,UPI,Returned,Majumdar-Kala,ykhanna@anne-rama.net,100,24,No,0
ORD1527,27-11-2025,30-11-2025,CUST1223,Gavin Goswami,Corporate,PROD1001,Study Table,Furniture,North,Mizoram,Ghaziabad,7,4700,15,27965.0,3230.55,5351.15,UPI,Returned,Khosla and Sons,bhagatcaleb@gaba-ravi.com,94,28,No,0
ORD1528,17-03-2025,19-03-2025,CUST1040,Dalaja Prasad,Home Office,PROD1014,Monitor,Electronics,North,Uttar Pradesh,Bhimavaram,4,7430,10,26748.0,2466.9,16880.4,Cash,Pending,Hari-Sehgal,harishrege@karpe.net,55,27,No,0
ORD1529,15-09-2023,18-09-2023,CUST1059,Darika Purohit,Corporate,PROD1016,Cooking Oil,Grocery,West,Chhattisgarh,Aizawl,9,4479,15,34264.35,2868.85,8444.7,UPI,Delivered,Gill Group,tanvi56@sangha-parsa.org,13,25,Yes,47
ORD1530,10-09-2025,11-09-2025,CUST1201,Owen Pandey,Home Office,PROD1003,Bookshelf,Furniture,East,Arunachal Pradesh,Anand,8,12860,0,102880.0,8267.37,36741.04,Credit Card,Delivered,"Mistry, Sarkar and Madan",lataanmol@varughese-lanka.net,69,21,No,0
ORD1531,20-05-2024,25-05-2024,CUST1049,Ucchal Balakrishnan,Corporate,PROD1003,Bookshelf,Furniture,West,Rajasthan,Pondicherry,7,12860,0,90020.0,8267.37,32148.41,Credit Card,Returned,Wali-Choudhry,gaurika24@banerjee.org,69,21,No,0
ORD1532,08-05-2023,13-05-2023,CUST1089,Chakradhar Bera,Home Office,PROD1006,Notebook,Office Supplies,South,Arunachal Pradesh,Proddatur,10,12362,10,111258.0,4997.68,61281.2,UPI,Pending,Raval-Sani,bariaodika@sane.com,100,24,No,0
ORD1533,28-07-2025,03-08-2025,CUST1013,Jagat Sarkar,Corporate,PROD1014,Monitor,Electronics,West,Karnataka,Kharagpur,10,7430,10,66870.0,2466.9,42201.0,UPI,Cancelled,Sethi-Natarajan,dinhredhaan@sodhi-mani.info,55,27,No,0
ORD1534,14-01-2025,16-01-2025,CUST1126,Brinda Nair,Corporate,PROD1015,Rice Bag,Grocery,West,Chhattisgarh,Cuttack,9,11182,15,85542.3,8707.28,7176.78,Net Banking,Delivered,Mahal-Oza,omyabaral@rajagopal.com,15,28,Yes,49
ORD1535,05-06-2025,06-06-2025,CUST1150,Zansi Bhatt,Consumer,PROD1010,Laptop,Electronics,West,Chhattisgarh,Bally,10,6866,0,68660.0,3602.05,32639.5,UPI,Cancelled,Hari-Sehgal,harishrege@karpe.net,15,31,Yes,41
ORD1536,29-12-2025,03-01-2026,CUST1273,Sneha Gokhale,Corporate,PROD1016,Cooking Oil,Grocery,South,Assam,Mangalore,6,4479,15,22842.9,2868.85,5629.8,Net Banking,Delivered,Gill Group,tanvi56@sangha-parsa.org,13,25,Yes,47
ORD1537,27-05-2025,30-05-2025,CUST1153,Sanya Sahni,Home Office,PROD1004,Dining Table,Furniture,South,Bihar,Mango,9,13253,0,119277.0,4559.47,78241.77,Credit Card,Pending,Srivastava Ltd,viraj89@shan.net,53,23,No,0
ORD1538,27-06-2025,01-07-2025,CUST1192,Wakeeta Dasgupta,Home Office,PROD1015,Rice Bag,Grocery,West,Tripura,Ballia,9,11182,0,100638.0,8707.28,22272.48,Net Banking,Delivered,Gill Group,tanvi56@sangha-parsa.org,15,28,Yes,49
ORD1539,05-04-2025,07-04-2025,CUST1188,Samesh Gade,Corporate,PROD1000,Office Chairs,Furniture,South,Andhra Pradesh,Tadipatri,9,10918,20,78609.6,4093.13,41771.43,Credit Card,Cancelled,Khosla and Sons,bhagatcaleb@gaba-ravi.com,11,32,Yes,50
ORD1540,04-09-2024,05-09-2024,CUST1035,Jalsa Nagi,Home Office,PROD1015,Rice Bag,Grocery,East,Karnataka,Ramagundam,5,11182,10,50319.0,8707.28,6782.6,UPI,Pending,Mahal-Oza,omyabaral@rajagopal.com,15,28,Yes,49
ORD1541,05-05-2024,09-05-2024,CUST1236,Chandani Buch,Home Office,PROD1000,Office Chairs,Furniture,East,Andhra Pradesh,Thanjavur,1,10918,5,10372.1,4093.13,6278.97,UPI,Returned,Wali-Choudhry,gaurika24@banerjee.org,11,32,Yes,50
ORD1542,24-12-2023,27-12-2023,CUST1274,Indira Gole,Home Office,PROD1001,Study Table,Furniture,West,Uttarakhand,Giridih,8,4700,0,37600.0,3230.55,11755.6,Cash,Cancelled,Srivastava Ltd,viraj89@shan.net,94,28,No,0
ORD1543,08-03-2023,14-03-2023,CUST1214,Advik Dugar,Consumer,PROD1006,Notebook,Office Supplies,South,Punjab,Pallavaram,7,12362,20,69227.2,4997.68,34243.44,Credit Card,Pending,"More, Parmer and Dey",vgola@balakrishnan-sarin.net,100,24,No,0
ORD1544,15-04-2023,21-04-2023,CUST1289,Ekiya Bhavsar,Corporate,PROD1008,File Folder,Office Supplies,West,Bihar,Khammam,1,1640,15,1394.0,1112.22,281.78,UPI,Returned,Ben Ltd,gunbir50@kuruvilla.com,87,28,No,0
ORD1545,27-11-2023,29-11-2023,CUST1145,Diya Kulkarni,Home Office,PROD1012,Mouse,Electronics,South,Himachal Pradesh,Kota,9,6429,0,57861.0,4008.17,21787.47,Credit Card,Pending,Sethi-Natarajan,dinhredhaan@sodhi-mani.info,76,29,No,0
ORD1546,20-08-2024,25-08-2024,CUST1148,Megha Sangha,Consumer,PROD1006,Notebook,Office Supplies,North,Gujarat,Muzaffarnagar,6,12362,0,74172.0,4997.68,44185.92,Credit Card,Delivered,Majumdar-Kala,ykhanna@anne-rama.net,100,24,No,0
ORD1547,09-01-2023,13-01-2023,CUST1063,Faras Karpe,Consumer,PROD1000,Office Chairs,Furniture,North,Goa,Haldia,3,10918,20,26203.2,4093.13,13923.81,Net Banking,Returned,"Bhargava, Oommen and Sethi",khannanirja@gopal.info,11,32,Yes,50
ORD1548,21-01-2023,25-01-2023,CUST1052,Raagini Sekhon,Consumer,PROD1003,Bookshelf,Furniture,North,Arunachal Pradesh,Tadipatri,4,12860,5,48868.0,8267.37,15798.52,UPI,Delivered,Srivastava Ltd,viraj89@shan.net,69,21,No,0
ORD1549,12-10-2023,19-10-2023,CUST1114,Logan Kamdar,Corporate,PROD1016,Cooking Oil,Grocery,West,Arunachal Pradesh,Morbi,5,4479,5,21275.25,2868.85,6931.0,UPI,Cancelled,Dube-Mander,vchoudhry@dhar.com,13,25,Yes,47
ORD1550,31-07-2023,07-08-2023,CUST1127,Girindra Khatri,Consumer,PROD1015,Rice Bag,Grocery,North,Gujarat,Chinsurah,4,11182,20,35782.4,8707.28,953.28,Cash,Cancelled,"Vig, Purohit and Saraf",lnarula@edwin-dalal.com,15,28,Yes,49
ORD1551,18-06-2024,23-06-2024,CUST1233,Agastya Yogi,Home Office,PROD1014,Monitor,Electronics,East,Uttarakhand,Pondicherry,6,7430,10,40122.0,2466.9,25320.6,Net Banking,Pending,Hari-Sehgal,harishrege@karpe.net,55,27,No,0
ORD1552,20-12-2023,26-12-2023,CUST1217,Ekapad Sachar,Corporate,PROD1001,Study Table,Furniture,North,Sikkim,Ghaziabad,8,4700,0,37600.0,3230.55,11755.6,Credit Card,Delivered,Srivastava Ltd,viraj89@shan.net,94,28,No,0
ORD1553,09-02-2025,12-02-2025,CUST1211,Manan Singh,Consumer,PROD1003,Bookshelf,Furniture,West,Odisha,Rewa,8,12860,10,92592.0,8267.37,26453.04,Cash,Delivered,Srivastava Ltd,viraj89@shan.net,69,21,No,0
ORD1554,26-01-2024,30-01-2024,CUST1155,Sachi Ganesh,Consumer,PROD1004,Dining Table,Furniture,West,Manipur,Mirzapur,5,13253,5,62951.75,4559.47,40154.4,Net Banking,Cancelled,Kulkarni Ltd,pallavi25@sarma-minhas.com,53,23,No,0
ORD1555,03-02-2025,04-02-2025,CUST1078,Amrita Narayan,Home Office,PROD1012,Mouse,Electronics,South,Punjab,Bhalswa Jahangir Pur,5,6429,15,27323.25,4008.17,7282.4,UPI,Delivered,Buch and Sons,balizaitra@chada.info,76,29,No,0
ORD1556,07-08-2024,12-08-2024,CUST1218,Zaid Mukherjee,Consumer,PROD1015,Rice Bag,Grocery,North,Sikkim,Sambhal,10,11182,0,111820.0,8707.28,24747.2,Cash,Returned,"Amble, Bhargava and Rau",warindersharaf@ramanathan.com,15,28,Yes,49
ORD1557,18-08-2023,25-08-2023,CUST1199,Jagvi Natt,Home Office,PROD1010,Laptop,Electronics,West,Maharashtra,Davanagere,6,6866,5,39136.2,3602.05,17523.9,Cash,Returned,Hari-Sehgal,harishrege@karpe.net,15,31,Yes,41
ORD1558,12-04-2024,13-04-2024,CUST1143,Gaurangi Bava,Corporate,PROD1015,Rice Bag,Grocery,East,Chhattisgarh,Thiruvananthapuram,4,11182,0,44728.0,8707.28,9898.88,Credit Card,Returned,"Amble, Bhargava and Rau",warindersharaf@ramanathan.com,15,28,Yes,49
ORD1559,03-11-2023,07-11-2023,CUST1020,Siya Nayak,Consumer,PROD1006,Notebook,Office Supplies,North,Maharashtra,Pudukkottai,6,12362,0,74172.0,4997.68,44185.92,Credit Card,Cancelled,Swaminathan PLC,jaichopra@nadig-dube.net,100,24,No,0
ORD1560,22-06-2025,23-06-2025,CUST1215,Pahal Chowdhury,Home Office,PROD1002,Sofa,Furniture,West,Maharashtra,Karawal Nagar,9,10208,15,78091.2,6313.28,21271.68,Credit Card,Pending,Arya-Malhotra,jeremiah96@de.com,86,19,No,0
ORD1561,11-04-2025,16-04-2025,CUST1172,Harshil Bumb,Corporate,PROD1007,Stapler,Office Supplies,West,Andhra Pradesh,Vadodara,3,10905,15,27807.75,8458.2,2433.15,Cash,Delivered,Majumdar-Kala,ykhanna@anne-rama.net,14,31,Yes,34
ORD1562,12-07-2025,16-07-2025,CUST1067,Avni Comar,Consumer,PROD1013,Headphones,Electronics,West,Kerala,Munger,9,5858,20,42177.6,3406.43,11519.73,Cash,Cancelled,Bawa LLC,xpant@nadkarni.com,41,24,No,0
ORD1563,29-07-2025,30-07-2025,CUST1119,Rayaan Sridhar,Consumer,PROD1011,Keyboard,Electronics,South,Chhattisgarh,Salem,5,4734,5,22486.5,2786.2,8555.5,Credit Card,Cancelled,"Rajagopalan, Bains and Shere",mwalia@chhabra.net,45,23,No,0
ORD1564,05-06-2025,09-06-2025,CUST1256,Wriddhish Vaidya,Home Office,PROD1011,Keyboard,Electronics,North,Assam,Durg,5,4734,20,18936.0,2786.2,5005.0,UPI,Cancelled,Bal-Goel,banikgautam@kuruvilla.net,45,23,No,0
ORD1565,14-03-2025,17-03-2025,CUST1030,Vamakshi Ramakrishnan,Corporate,PROD1016,Cooking Oil,Grocery,South,Uttar Pradesh,Nashik,7,4479,5,29785.35,2868.85,9703.4,Credit Card,Cancelled,Dube-Mander,vchoudhry@dhar.com,13,25,Yes,47
ORD1566,28-09-2024,30-09-2024,CUST1227,Damini Chowdhury,Consumer,PROD1005,Pen,Office Supplies,East,Nagaland,Dewas,2,5109,20,8174.4,1994.08,4186.24,UPI,Delivered,Swaminathan PLC,jaichopra@nadig-dube.net,76,18,No,0
ORD1567,19-03-2024,20-03-2024,CUST1034,Zansi Goel,Consumer,PROD1015,Rice Bag,Grocery,South,West Bengal,Gandhidham,5,11182,20,44728.0,8707.28,1191.6,Net Banking,Pending,Mahal-Oza,omyabaral@rajagopal.com,15,28,Yes,49
ORD1568,03-02-2023,07-02-2023,CUST1117,Gunbir Sahni,Home Office,PROD1000,Office Chairs,Furniture,West,Odisha,Erode,7,10918,0,76426.0,4093.13,47774.09,Net Banking,Returned,"Mistry, Sarkar and Madan",lataanmol@varughese-lanka.net,11,32,Yes,50
ORD1569,31-08-2025,06-09-2025,CUST1007,Diya Badal,Consumer,PROD1001,Study Table,Furniture,West,Telangana,Patna,7,4700,10,29610.0,3230.55,6996.15,Credit Card,Returned,Kulkarni Ltd,pallavi25@sarma-minhas.com,94,28,No,0
ORD1570,21-11-2023,26-11-2023,CUST1001,Forum Baria,Home Office,PROD1006,Notebook,Office Supplies,North,Odisha,Vadodara,1,12362,5,11743.9,4997.68,6746.22,UPI,Delivered,"More, Parmer and Dey",vgola@balakrishnan-sarin.net,100,24,No,0
ORD1571,02-06-2025,04-06-2025,CUST1146,Aradhana Varma,Home Office,PROD1008,File Folder,Office Supplies,North,Manipur,Kolhapur,9,1640,15,12546.0,1112.22,2536.02,Net Banking,Cancelled,Majumdar-Kala,ykhanna@anne-rama.net,87,28,No,0
ORD1572,11-09-2025,12-09-2025,CUST1059,Darika Purohit,Corporate,PROD1016,Cooking Oil,Grocery,North,Chhattisgarh,Aizawl,6,4479,10,24186.6,2868.85,6973.5,Net Banking,Pending,Gill Group,tanvi56@sangha-parsa.org,13,25,Yes,47
ORD1573,02-06-2023,08-06-2023,CUST1221,Gayathri Manda,Home Office,PROD1009,Calculator,Office Supplies,East,Telangana,Ratlam,4,14475,10,52110.0,10128.45,11596.2,Cash,Delivered,"More, Parmer and Dey",vgola@balakrishnan-sarin.net,81,19,No,0
ORD1574,05-09-2025,11-09-2025,CUST1103,Kritika Balasubramanian,Corporate,PROD1002,Sofa,Furniture,North,Chhattisgarh,Arrah,1,10208,0,10208.0,6313.28,3894.72,Credit Card,Pending,Khosla and Sons,bhagatcaleb@gaba-ravi.com,86,19,No,0
ORD1575,15-11-2025,22-11-2025,CUST1163,Advika Loyal,Home Office,PROD1011,Keyboard,Electronics,North,Madhya Pradesh,Sambhal,3,4734,0,14202.0,2786.2,5843.4,UPI,Returned,Bal-Goel,banikgautam@kuruvilla.net,45,23,No,0
ORD1576,09-06-2024,13-06-2024,CUST1195,Chandani Kadakia,Corporate,PROD1009,Calculator,Office Supplies,East,Uttar Pradesh,Dehradun,8,14475,15,98430.0,10128.45,17402.4,UPI,Pending,Majumdar-Kala,ykhanna@anne-rama.net,81,19,No,0
ORD1577,21-01-2025,25-01-2025,CUST1196,Indrajit Chopra,Consumer,PROD1015,Rice Bag,Grocery,East,Uttar Pradesh,Bhiwandi,1,11182,15,9504.7,8707.28,797.42,Cash,Cancelled,Mann LLC,gilljhalak@dhaliwal.com,15,28,Yes,49
ORD1578,03-02-2023,05-02-2023,CUST1169,Samaksh Bhandari,Corporate,PROD1016,Cooking Oil,Grocery,West,Nagaland,Pune,7,4479,10,28217.7,2868.85,8135.75,UPI,Cancelled,Mann LLC,gilljhalak@dhaliwal.com,13,25,Yes,47
ORD1579,13-09-2024,14-09-2024,CUST1217,Ekapad Sachar,Corporate,PROD1016,Cooking Oil,Grocery,West,Sikkim,Ghaziabad,10,4479,20,35832.0,2868.85,7143.5,UPI,Cancelled,"Vig, Purohit and Saraf",lnarula@edwin-dalal.com,13,25,Yes,47
ORD1580,07-02-2024,10-02-2024,CUST1028,Gaurav Tara,Consumer,PROD1007,Stapler,Office Supplies,West,Meghalaya,Patiala,8,10905,10,78516.0,8458.2,10850.4,Net Banking,Cancelled,Majumdar-Kala,ykhanna@anne-rama.net,14,31,Yes,34
ORD1581,20-07-2025,27-07-2025,CUST1095,Netra Chand,Consumer,PROD1011,Keyboard,Electronics,East,Chhattisgarh,Hyderabad,2,4734,10,8521.2,2786.2,2948.8,UPI,Returned,Sethi-Natarajan,dinhredhaan@sodhi-mani.info,45,23,No,0
ORD1582,02-03-2025,06-03-2025,CUST1248,Chanchal Cherian,Home Office,PROD1003,Bookshelf,Furniture,South,Punjab,Coimbatore,1,12860,0,12860.0,8267.37,4592.63,Credit Card,Pending,Arya-Malhotra,jeremiah96@de.com,69,21,No,0
ORD1583,12-04-2025,19-04-2025,CUST1032,Ekbal Chokshi,Home Office,PROD1003,Bookshelf,Furniture,East,Karnataka,Amravati,2,12860,10,23148.0,8267.37,6613.26,Net Banking,Delivered,"Mistry, Sarkar and Madan",lataanmol@varughese-lanka.net,69,21,No,0
ORD1584,14-02-2025,16-02-2025,CUST1180,Isaac Anand,Consumer,PROD1008,File Folder,Office Supplies,West,Chhattisgarh,Mehsana,3,1640,5,4674.0,1112.22,1337.34,UPI,Cancelled,"More, Parmer and Dey",vgola@balakrishnan-sarin.net,87,28,No,0
ORD1585,14-11-2024,17-11-2024,CUST1033,Reva Ahluwalia,Consumer,PROD1016,Cooking Oil,Grocery,South,Punjab,Kulti,7,4479,20,25082.4,2868.85,5000.45,UPI,Pending,"Vig, Purohit and Saraf",lnarula@edwin-dalal.com,13,25,Yes,47
ORD1586,16-12-2025,17-12-2025,CUST1180,Isaac Anand,Consumer,PROD1006,Notebook,Office Supplies,West,Chhattisgarh,Mehsana,7,12362,20,69227.2,4997.68,34243.44,Net Banking,Cancelled,Raval-Sani,bariaodika@sane.com,100,24,No,0
ORD1587,31-05-2023,03-06-2023,CUST1012,Thomas Amble,Consumer,PROD1009,Calculator,Office Supplies,North,Maharashtra,Mysore,8,14475,15,98430.0,10128.45,17402.4,Credit Card,Cancelled,Ben Ltd,gunbir50@kuruvilla.com,81,19,No,0
ORD1588,06-10-2024,08-10-2024,CUST1002,Shravya Buch,Corporate,PROD1010,Laptop,Electronics,South,Jharkhand,Jammu,1,6866,15,5836.1,3602.05,2234.05,Credit Card,Delivered,Hari-Sehgal,harishrege@karpe.net,15,31,Yes,41
ORD1589,07-05-2025,13-05-2025,CUST1149,Tejas Chaudhuri,Consumer,PROD1005,Pen,Office Supplies,North,Jharkhand,Raipur,6,5109,15,26055.9,1994.08,14091.42,Net Banking,Cancelled,Swaminathan PLC,jaichopra@nadig-dube.net,76,18,No,0
ORD1590,13-06-2023,19-06-2023,CUST1162,Sanya Nadkarni,Home Office,PROD1016,Cooking Oil,Grocery,West,Haryana,Gurgaon,9,4479,5,38295.45,2868.85,12475.8,Net Banking,Returned,"Vig, Purohit and Saraf",lnarula@edwin-dalal.com,13,25,Yes,47
ORD1591,12-01-2023,15-01-2023,CUST1176,Riya Kalla,Corporate,PROD1015,Rice Bag,Grocery,East,Punjab,Machilipatnam,5,11182,0,55910.0,8707.28,12373.6,Net Banking,Returned,"Amble, Bhargava and Rau",warindersharaf@ramanathan.com,15,28,Yes,49
ORD1592,02-12-2024,07-12-2024,CUST1026,Zaitra Mitra,Home Office,PROD1015,Rice Bag,Grocery,South,West Bengal,Coimbatore,2,11182,0,22364.0,8707.28,4949.44,Credit Card,Delivered,Dube-Mander,vchoudhry@dhar.com,15,28,Yes,49
ORD1593,25-02-2023,01-03-2023,CUST1127,Girindra Khatri,Consumer,PROD1013,Headphones,Electronics,West,Gujarat,Chinsurah,2,5858,15,9958.6,3406.43,3145.74,Net Banking,Delivered,Bal-Goel,banikgautam@kuruvilla.net,41,24,No,0
ORD1594,18-12-2025,24-12-2025,CUST1089,Chakradhar Bera,Home Office,PROD1016,Cooking Oil,Grocery,South,Arunachal Pradesh,Proddatur,7,4479,10,28217.7,2868.85,8135.75,Credit Card,Returned,Gill Group,tanvi56@sangha-parsa.org,13,25,Yes,47
ORD1595,10-11-2023,17-11-2023,CUST1142,Harini Golla,Corporate,PROD1014,Monitor,Electronics,East,Himachal Pradesh,Rourkela,10,7430,10,66870.0,2466.9,42201.0,Credit Card,Pending,Buch and Sons,balizaitra@chada.info,55,27,No,0
ORD1596,18-05-2023,23-05-2023,CUST1282,Xavier Wali,Corporate,PROD1010,Laptop,Electronics,West,West Bengal,Belgaum,9,6866,10,55614.6,3602.05,23196.15,UPI,Delivered,Bawa LLC,xpant@nadkarni.com,15,31,Yes,41
ORD1597,30-07-2023,06-08-2023,CUST1007,Diya Badal,Consumer,PROD1016,Cooking Oil,Grocery,West,Telangana,Patna,10,4479,0,44790.0,2868.85,16101.5,Net Banking,Cancelled,Mahal-Oza,omyabaral@rajagopal.com,13,25,Yes,47
ORD1598,05-07-2025,11-07-2025,CUST1264,Eesha Chowdhury,Home Office,PROD1015,Rice Bag,Grocery,East,Karnataka,Ambattur,7,11182,0,78274.0,8707.28,17323.04,Cash,Returned,"Amble, Bhargava and Rau",warindersharaf@ramanathan.com,15,28,Yes,49
ORD1599,18-01-2024,22-01-2024,CUST1029,Mason Sridhar,Home Office,PROD1001,Study Table,Furniture,East,Meghalaya,Ambarnath,10,4700,0,47000.0,3230.55,14694.5,Credit Card,Returned,Arya-Malhotra,jeremiah96@de.com,94,28,No,0
ORD1600,26-09-2025,29-09-2025,CUST1079,Anmol Natarajan,Corporate,PROD1015,Rice Bag,Grocery,North,Jharkhand,Motihari,1,11182,10,10063.8,8707.28,1356.52,UPI,Pending,Gill Group,tanvi56@sangha-parsa.org,15,28,Yes,49
ORD1601,11-06-2025,14-06-2025,CUST1045,Luke Misra,Consumer,PROD1013,Headphones,Electronics,West,Bihar,Alwar,3,5858,10,15816.6,3406.43,5597.31,Net Banking,Delivered,Sethi-Natarajan,dinhredhaan@sodhi-mani.info,41,24,No,0
ORD1602,24-10-2023,28-10-2023,CUST1173,Krish Kumar,Corporate,PROD1013,Headphones,Electronics,North,Odisha,Chennai,5,5858,5,27825.5,3406.43,10793.35,UPI,Delivered,Sethi-Natarajan,dinhredhaan@sodhi-mani.info,41,24,No,0
ORD1603,21-02-2024,23-02-2024,CUST1131,Andrew Kala,Home Office,PROD1000,Office Chairs,Furniture,North,Gujarat,Kadapa,4,10918,15,37121.2,4093.13,20748.68,Credit Card,Pending,"Bhargava, Oommen and Sethi",khannanirja@gopal.info,11,32,Yes,50
ORD1604,02-11-2024,03-11-2024,CUST1118,Bhavini Sen,Home Office,PROD1016,Cooking Oil,Grocery,East,Chhattisgarh,Kolkata,2,4479,0,8958.0,2868.85,3220.3,UPI,Pending,"Vig, Purohit and Saraf",lnarula@edwin-dalal.com,13,25,Yes,47
ORD1605,08-08-2025,12-08-2025,CUST1122,Leena Mistry,Corporate,PROD1010,Laptop,Electronics,West,Sikkim,Kakinada,8,6866,0,54928.0,3602.05,26111.6,Credit Card,Delivered,Bawa LLC,xpant@nadkarni.com,15,31,Yes,41
ORD1606,08-12-2025,14-12-2025,CUST1050,Ekaraj Rau,Corporate,PROD1003,Bookshelf,Furniture,East,Assam,Ghaziabad,2,12860,15,21862.0,8267.37,5327.26,Cash,Pending,Khosla and Sons,bhagatcaleb@gaba-ravi.com,69,21,No,0
ORD1607,21-06-2025,28-06-2025,CUST1086,Ekalinga Bhargava,Home Office,PROD1005,Pen,Office Supplies,North,Uttarakhand,Kottayam,8,5109,10,36784.8,1994.08,20832.16,UPI,Pending,"More, Parmer and Dey",vgola@balakrishnan-sarin.net,76,18,No,0
ORD1608,28-11-2025,01-12-2025,CUST1200,Widisha Kunda,Corporate,PROD1016,Cooking Oil,Grocery,South,Mizoram,Sasaram,9,4479,5,38295.45,2868.85,12475.8,Net Banking,Delivered,Mann LLC,gilljhalak@dhaliwal.com,13,25,Yes,47
ORD1609,08-10-2025,10-10-2025,CUST1069,Harita Lalla,Home Office,PROD1015,Rice Bag,Grocery,South,Jharkhand,Shivpuri,3,11182,0,33546.0,8707.28,7424.16,Cash,Pending,Mahal-Oza,omyabaral@rajagopal.com,15,28,Yes,49
ORD1610,29-09-2025,06-10-2025,CUST1052,Raagini Sekhon,Consumer,PROD1012,Mouse,Electronics,East,Arunachal Pradesh,Tadipatri,4,6429,10,23144.4,4008.17,7111.72,Net Banking,Cancelled,Bal-Goel,banikgautam@kuruvilla.net,76,29,No,0
ORD1611,04-05-2025,06-05-2025,CUST1164,Laksh Prasad,Consumer,PROD1016,Cooking Oil,Grocery,East,Goa,Salem,7,4479,10,28217.7,2868.85,8135.75,Net Banking,Delivered,Mahal-Oza,omyabaral@rajagopal.com,13,25,Yes,47
ORD1612,20-05-2023,23-05-2023,CUST1216,Vedant Karnik,Consumer,PROD1015,Rice Bag,Grocery,North,Nagaland,Surendranagar Dudhrej,8,11182,5,84983.2,8707.28,15324.96,Net Banking,Returned,Mann LLC,gilljhalak@dhaliwal.com,15,28,Yes,49
ORD1613,03-03-2024,08-03-2024,CUST1037,Luke Keer,Corporate,PROD1013,Headphones,Electronics,East,Manipur,Anantapur,4,5858,5,22260.4,3406.43,8634.68,UPI,Delivered,Bal-Goel,banikgautam@kuruvilla.net,41,24,No,0
ORD1614,06-01-2024,12-01-2024,CUST1188,Samesh Gade,Corporate,PROD1004,Dining Table,Furniture,North,Andhra Pradesh,Tadipatri,9,13253,5,113313.15,4559.47,72277.92,Cash,Delivered,Wali-Choudhry,gaurika24@banerjee.org,53,23,No,0
ORD1615,21-04-2025,28-04-2025,CUST1181,Adweta Bir,Corporate,PROD1011,Keyboard,Electronics,West,Himachal Pradesh,Tadepalligudem,2,4734,5,8994.6,2786.2,3422.2,Cash,Cancelled,Bawa LLC,xpant@nadkarni.com,45,23,No,0
ORD1616,11-10-2025,17-10-2025,CUST1251,Dakshesh Soni,Home Office,PROD1016,Cooking Oil,Grocery,South,Nagaland,Tirunelveli,9,4479,0,40311.0,2868.85,14491.35,UPI,Cancelled,Gill Group,tanvi56@sangha-parsa.org,13,25,Yes,47
ORD1617,07-10-2023,13-10-2023,CUST1293,Samar Baria,Home Office,PROD1013,Headphones,Electronics,East,Madhya Pradesh,Bokaro,8,5858,0,46864.0,3406.43,19612.56,Credit Card,Pending,Buch and Sons,balizaitra@chada.info,41,24,No,0
ORD1618,21-09-2024,23-09-2024,CUST1287,Brijesh Bakshi,Consumer,PROD1002,Sofa,Furniture,South,Uttar Pradesh,Howrah,4,10208,0,40832.0,6313.28,15578.88,Credit Card,Cancelled,Wali-Choudhry,gaurika24@banerjee.org,86,19,No,0
ORD1619,01-09-2025,07-09-2025,CUST1154,Aryan Hegde,Consumer,PROD1010,Laptop,Electronics,South,Manipur,Shahjahanpur,7,6866,20,38449.6,3602.05,13235.25,Credit Card,Pending,Bawa LLC,xpant@nadkarni.com,15,31,Yes,41
ORD1620,03-07-2023,09-07-2023,CUST1200,Widisha Kunda,Corporate,PROD1005,Pen,Office Supplies,West,Mizoram,Sasaram,8,5109,15,34741.2,1994.08,18788.56,Credit Card,Cancelled,Swaminathan PLC,jaichopra@nadig-dube.net,76,18,No,0
ORD1621,22-11-2024,29-11-2024,CUST1001,Forum Baria,Home Office,PROD1016,Cooking Oil,Grocery,South,Odisha,Vadodara,5,4479,5,21275.25,2868.85,6931.0,Cash,Delivered,"Vig, Purohit and Saraf",lnarula@edwin-dalal.com,13,25,Yes,47
ORD1622,04-12-2023,06-12-2023,CUST1110,Christopher Raval,Corporate,PROD1016,Cooking Oil,Grocery,South,Jharkhand,Rajpur Sonarpur,3,4479,15,11421.45,2868.85,2814.9,Credit Card,Returned,Mann LLC,gilljhalak@dhaliwal.com,13,25,Yes,47
ORD1623,11-03-2025,15-03-2025,CUST1173,Krish Kumar,Corporate,PROD1016,Cooking Oil,Grocery,West,Odisha,Chennai,9,4479,15,34264.35,2868.85,8444.7,UPI,Delivered,"Amble, Bhargava and Rau",warindersharaf@ramanathan.com,13,25,Yes,47
ORD1624,03-05-2023,10-05-2023,CUST1098,Ubika Gole,Corporate,PROD1006,Notebook,Office Supplies,East,Maharashtra,Sagar,2,12362,20,19779.2,4997.68,9783.84,Credit Card,Returned,Raval-Sani,bariaodika@sane.com,100,24,No,0
ORD1625,12-10-2024,14-10-2024,CUST1015,Qabil Chaudhary,Corporate,PROD1002,Sofa,Furniture,East,Punjab,Noida,3,10208,15,26030.4,6313.28,7090.56,Net Banking,Pending,Wali-Choudhry,gaurika24@banerjee.org,86,19,No,0
ORD1626,29-05-2024,05-06-2024,CUST1095,Netra Chand,Consumer,PROD1014,Monitor,Electronics,North,Chhattisgarh,Hyderabad,8,7430,0,59440.0,2466.9,39704.8,Net Banking,Returned,Sethi-Natarajan,dinhredhaan@sodhi-mani.info,55,27,No,0
ORD1627,22-02-2023,25-02-2023,CUST1199,Jagvi Natt,Home Office,PROD1012,Mouse,Electronics,North,Maharashtra,Davanagere,4,6429,15,21858.6,4008.17,5825.92,Credit Card,Pending,Bal-Goel,banikgautam@kuruvilla.net,76,29,No,0
ORD1628,18-06-2025,24-06-2025,CUST1227,Damini Chowdhury,Consumer,PROD1010,Laptop,Electronics,North,Nagaland,Dewas,1,6866,10,6179.4,3602.05,2577.35,Net Banking,Pending,Bal-Goel,banikgautam@kuruvilla.net,15,31,Yes,41
ORD1629,05-07-2024,11-07-2024,CUST1228,Nikita Deshmukh,Consumer,PROD1003,Bookshelf,Furniture,West,Maharashtra,Kolkata,5,12860,0,64300.0,8267.37,22963.15,Net Banking,Delivered,"Mistry, Sarkar and Madan",lataanmol@varughese-lanka.net,69,21,No,0
ORD1630,27-06-2023,28-06-2023,CUST1001,Forum Baria,Home Office,PROD1015,Rice Bag,Grocery,North,Odisha,Vadodara,3,11182,15,28514.1,8707.28,2392.26,Credit Card,Cancelled,Dube-Mander,vchoudhry@dhar.com,15,28,Yes,49
ORD1631,02-06-2024,06-06-2024,CUST1220,Madhavi Pathak,Home Office,PROD1001,Study Table,Furniture,East,Madhya Pradesh,Muzaffarnagar,3,4700,20,11280.0,3230.55,1588.35,Credit Card,Pending,"Mistry, Sarkar and Madan",lataanmol@varughese-lanka.net,94,28,No,0
ORD1632,18-12-2024,20-12-2024,CUST1075,Timothy Biswas,Consumer,PROD1006,Notebook,Office Supplies,West,Meghalaya,Darbhanga,10,12362,5,117439.0,4997.68,67462.2,Cash,Cancelled,Ben Ltd,gunbir50@kuruvilla.com,100,24,No,0
ORD1633,10-11-2025,15-11-2025,CUST1151,Praneel Bhandari,Consumer,PROD1012,Mouse,Electronics,South,Uttarakhand,Satara,6,6429,0,38574.0,4008.17,14524.98,UPI,Cancelled,Buch and Sons,balizaitra@chada.info,76,29,No,0
ORD1634,20-07-2024,27-07-2024,CUST1205,Patrick Dasgupta,Corporate,PROD1008,File Folder,Office Supplies,East,Himachal Pradesh,Vijayawada,1,1640,15,1394.0,1112.22,281.78,UPI,Cancelled,"Bera, Dutta and Saraf",htata@sharaf-loyal.com,87,28,No,0
ORD1635,07-03-2024,13-03-2024,CUST1172,Harshil Bumb,Corporate,PROD1015,Rice Bag,Grocery,North,Andhra Pradesh,Vadodara,5,11182,0,55910.0,8707.28,12373.6,Credit Card,Returned,Mann LLC,gilljhalak@dhaliwal.com,15,28,Yes,49
ORD1636,10-02-2023,11-02-2023,CUST1107,Januja Sodhi,Consumer,PROD1015,Rice Bag,Grocery,East,Nagaland,Bettiah,6,11182,15,57028.2,8707.28,4784.52,Cash,Delivered,Gill Group,tanvi56@sangha-parsa.org,15,28,Yes,49
ORD1637,04-06-2025,06-06-2025,CUST1009,Varsha Wali,Consumer,PROD1009,Calculator,Office Supplies,East,Kerala,Bhimavaram,4,14475,20,46320.0,10128.45,5806.2,UPI,Pending,Ben Ltd,gunbir50@kuruvilla.com,81,19,No,0
ORD1638,07-03-2023,10-03-2023,CUST1139,Wakeeta Date,Home Office,PROD1013,Headphones,Electronics,North,Goa,Begusarai,1,5858,15,4979.3,3406.43,1572.87,Net Banking,Cancelled,Buch and Sons,balizaitra@chada.info,41,24,No,0
ORD1639,06-06-2024,08-06-2024,CUST1243,Devansh Pal,Consumer,PROD1009,Calculator,Office Supplies,South,Meghalaya,Dehri,1,14475,15,12303.75,10128.45,2175.3,Credit Card,Cancelled,Swaminathan PLC,jaichopra@nadig-dube.net,81,19,No,0
ORD1640,06-03-2024,09-03-2024,CUST1024,Vasana Viswanathan,Home Office,PROD1001,Study Table,Furniture,North,Odisha,Ludhiana,2,4700,10,8460.0,3230.55,1998.9,Net Banking,Cancelled,Kulkarni Ltd,pallavi25@sarma-minhas.com,94,28,No,0
ORD1641,28-08-2024,04-09-2024,CUST1244,Janya Bhattacharyya,Consumer,PROD1013,Headphones,Electronics,East,Uttar Pradesh,Allahabad,4,5858,0,23432.0,3406.43,9806.28,Credit Card,Pending,"Rajagopalan, Bains and Shere",mwalia@chhabra.net,41,24,No,0
ORD1642,01-07-2025,06-07-2025,CUST1047,Reva Malhotra,Consumer,PROD1002,Sofa,Furniture,East,Himachal Pradesh,Udupi,5,10208,15,43384.0,6313.28,11817.6,Cash,Returned,Kulkarni Ltd,pallavi25@sarma-minhas.com,86,19,No,0
ORD1643,17-03-2025,24-03-2025,CUST1071,Varsha Singhal,Consumer,PROD1009,Calculator,Office Supplies,West,Assam,Kolkata,3,14475,0,43425.0,10128.45,13039.65,Credit Card,Pending,"Bera, Dutta and Saraf",htata@sharaf-loyal.com,81,19,No,0
ORD1644,07-08-2025,14-08-2025,CUST1225,Vivaan Nagar,Corporate,PROD1005,Pen,Office Supplies,South,Maharashtra,Jorhat,7,5109,10,32186.7,1994.08,18228.14,UPI,Cancelled,Swaminathan PLC,jaichopra@nadig-dube.net,76,18,No,0
ORD1645,22-12-2025,27-12-2025,CUST1060,Yatin Lala,Home Office,PROD1014,Monitor,Electronics,South,Kerala,Indore,3,7430,20,17832.0,2466.9,10431.3,Net Banking,Cancelled,Buch and Sons,balizaitra@chada.info,55,27,No,0
ORD1646,29-06-2023,30-06-2023,CUST1062,Devansh Dara,Corporate,PROD1003,Bookshelf,Furniture,West,Sikkim,Durgapur,2,12860,5,24434.0,8267.37,7899.26,Net Banking,Delivered,Wali-Choudhry,gaurika24@banerjee.org,69,21,No,0
ORD1647,22-08-2024,27-08-2024,CUST1148,Megha Sangha,Consumer,PROD1013,Headphones,Electronics,North,Gujarat,Muzaffarnagar,1,5858,15,4979.3,3406.43,1572.87,Credit Card,Pending,Bawa LLC,xpant@nadkarni.com,41,24,No,0
ORD1648,18-07-2023,24-07-2023,CUST1288,Zayyan Chaudry,Home Office,PROD1014,Monitor,Electronics,South,Kerala,Karaikudi,5,7430,15,31577.5,2466.9,19243.0,Net Banking,Returned,Bal-Goel,banikgautam@kuruvilla.net,55,27,No,0
ORD1649,16-11-2024,18-11-2024,CUST1202,Vihaan Mannan,Corporate,PROD1015,Rice Bag,Grocery,East,Gujarat,Chittoor,9,11182,10,90574.2,8707.28,12208.68,Credit Card,Pending,"Amble, Bhargava and Rau",warindersharaf@ramanathan.com,15,28,Yes,49
ORD1650,24-10-2023,28-10-2023,CUST1257,Reva Mand,Home Office,PROD1005,Pen,Office Supplies,South,Odisha,Madanapalle,8,5109,15,34741.2,1994.08,18788.56,Net Banking,Returned,"More, Parmer and Dey",vgola@balakrishnan-sarin.net,76,18,No,0
ORD1651,09-11-2025,14-11-2025,CUST1038,Ijaya Mangal,Corporate,PROD1006,Notebook,Office Supplies,West,Maharashtra,Narasaraopet,9,12362,5,105695.1,4997.68,60715.98,UPI,Returned,Majumdar-Kala,ykhanna@anne-rama.net,100,24,No,0
ORD1652,03-11-2024,04-11-2024,CUST1210,Aahana Kaur,Consumer,PROD1016,Cooking Oil,Grocery,West,Mizoram,Karnal,9,4479,10,36279.9,2868.85,10460.25,Cash,Cancelled,"Vig, Purohit and Saraf",lnarula@edwin-dalal.com,13,25,Yes,47
ORD1653,01-01-2024,03-01-2024,CUST1246,Vaishnavi Sankar,Home Office,PROD1004,Dining Table,Furniture,South,Nagaland,Chittoor,2,13253,10,23855.4,4559.47,14736.46,Net Banking,Returned,Arya-Malhotra,jeremiah96@de.com,53,23,No,0
ORD1654,10-11-2025,16-11-2025,CUST1054,Kavya Gopal,Consumer,PROD1006,Notebook,Office Supplies,South,Maharashtra,Kalyan-Dombivli,4,12362,10,44503.2,4997.68,24512.48,Credit Card,Returned,"Bera, Dutta and Saraf",htata@sharaf-loyal.com,100,24,No,0
ORD1655,06-11-2023,11-11-2023,CUST1005,Edhitha Narain,Home Office,PROD1015,Rice Bag,Grocery,West,Uttarakhand,Avadi,3,11182,15,28514.1,8707.28,2392.26,Net Banking,Delivered,"Amble, Bhargava and Rau",warindersharaf@ramanathan.com,15,28,Yes,49
ORD1656,04-03-2024,06-03-2024,CUST1261,Janani Sama,Corporate,PROD1000,Office Chairs,Furniture,West,Chhattisgarh,Warangal,8,10918,20,69875.2,4093.13,37130.16,Net Banking,Pending,Khosla and Sons,bhagatcaleb@gaba-ravi.com,11,32,Yes,50
ORD1657,14-09-2025,21-09-2025,CUST1037,Luke Keer,Corporate,PROD1011,Keyboard,Electronics,East,Manipur,Anantapur,10,4734,0,47340.0,2786.2,19478.0,UPI,Returned,Hari-Sehgal,harishrege@karpe.net,45,23,No,0
ORD1658,09-09-2024,13-09-2024,CUST1260,Harsh Kohli,Corporate,PROD1003,Bookshelf,Furniture,South,Kerala,Chandrapur,10,12860,20,102880.0,8267.37,20206.3,Credit Card,Returned,Kulkarni Ltd,pallavi25@sarma-minhas.com,69,21,No,0
ORD1659,25-02-2023,04-03-2023,CUST1092,Xalak Datta,Corporate,PROD1001,Study Table,Furniture,North,Chhattisgarh,Orai,8,4700,0,37600.0,3230.55,11755.6,Net Banking,Returned,"Bhargava, Oommen and Sethi",khannanirja@gopal.info,94,28,No,0
ORD1660,06-07-2023,10-07-2023,CUST1021,Henry Singhal,Home Office,PROD1015,Rice Bag,Grocery,East,Madhya Pradesh,Shimla,2,11182,20,17891.2,8707.28,476.64,Cash,Delivered,"Amble, Bhargava and Rau",warindersharaf@ramanathan.com,15,28,Yes,49
ORD1661,02-09-2024,06-09-2024,CUST1062,Devansh Dara,Corporate,PROD1008,File Folder,Office Supplies,North,Sikkim,Durgapur,10,1640,15,13940.0,1112.22,2817.8,UPI,Pending,"Bera, Dutta and Saraf",htata@sharaf-loyal.com,87,28,No,0
ORD1662,18-12-2024,20-12-2024,CUST1103,Kritika Balasubramanian,Corporate,PROD1016,Cooking Oil,Grocery,East,Chhattisgarh,Arrah,7,4479,10,28217.7,2868.85,8135.75,Credit Card,Returned,"Vig, Purohit and Saraf",lnarula@edwin-dalal.com,13,25,Yes,47
ORD1663,08-02-2025,10-02-2025,CUST1173,Krish Kumar,Corporate,PROD1007,Stapler,Office Supplies,North,Odisha,Chennai,8,10905,5,82878.0,8458.2,15212.4,Cash,Delivered,Ben Ltd,gunbir50@kuruvilla.com,14,31,Yes,34
ORD1664,11-06-2023,14-06-2023,CUST1141,Bhanumati Ghosh,Consumer,PROD1015,Rice Bag,Grocery,West,Telangana,Imphal,1,11182,20,8945.6,8707.28,238.32,Credit Card,Pending,Gill Group,tanvi56@sangha-parsa.org,15,28,Yes,49
ORD1665,21-05-2024,27-05-2024,CUST1187,Maanav Luthra,Consumer,PROD1016,Cooking Oil,Grocery,North,Uttarakhand,Etawah,5,4479,15,19035.75,2868.85,4691.5,Credit Card,Delivered,Mahal-Oza,omyabaral@rajagopal.com,13,25,Yes,47
ORD1666,20-05-2025,24-05-2025,CUST1136,Nirja Ganguly,Corporate,PROD1015,Rice Bag,Grocery,West,Chhattisgarh,Chennai,4,11182,20,35782.4,8707.28,953.28,Credit Card,Cancelled,Dube-Mander,vchoudhry@dhar.com,15,28,Yes,49
ORD1667,15-09-2023,21-09-2023,CUST1236,Chandani Buch,Home Office,PROD1003,Bookshelf,Furniture,West,Andhra Pradesh,Thanjavur,7,12860,0,90020.0,8267.37,32148.41,UPI,Cancelled,Kulkarni Ltd,pallavi25@sarma-minhas.com,69,21,No,0
ORD1668,16-03-2025,18-03-2025,CUST1218,Zaid Mukherjee,Consumer,PROD1015,Rice Bag,Grocery,South,Sikkim,Sambhal,8,11182,5,84983.2,8707.28,15324.96,UPI,Delivered,Gill Group,tanvi56@sangha-parsa.org,15,28,Yes,49
ORD1669,03-11-2025,04-11-2025,CUST1293,Samar Baria,Home Office,PROD1002,Sofa,Furniture,South,Madhya Pradesh,Bokaro,10,10208,20,81664.0,6313.28,18531.2,Credit Card,Cancelled,Arya-Malhotra,jeremiah96@de.com,86,19,No,0
ORD1670,16-01-2025,20-01-2025,CUST1097,Samar Oza,Home Office,PROD1006,Notebook,Office Supplies,South,Meghalaya,Vadodara,4,12362,0,49448.0,4997.68,29457.28,Credit Card,Cancelled,Swaminathan PLC,jaichopra@nadig-dube.net,100,24,No,0
ORD1671,26-01-2023,29-01-2023,CUST1268,Dakshesh Rastogi,Home Office,PROD1016,Cooking Oil,Grocery,North,Arunachal Pradesh,Vijayanagaram,7,4479,5,29785.35,2868.85,9703.4,Cash,Pending,"Amble, Bhargava and Rau",warindersharaf@ramanathan.com,13,25,Yes,47
ORD1672,23-09-2025,24-09-2025,CUST1059,Darika Purohit,Corporate,PROD1000,Office Chairs,Furniture,East,Chhattisgarh,Aizawl,10,10918,0,109180.0,4093.13,68248.7,Credit Card,Delivered,Srivastava Ltd,viraj89@shan.net,11,32,Yes,50
ORD1673,09-06-2025,13-06-2025,CUST1221,Gayathri Manda,Home Office,PROD1001,Study Table,Furniture,West,Telangana,Ratlam,5,4700,15,19975.0,3230.55,3822.25,UPI,Delivered,"Mistry, Sarkar and Madan",lataanmol@varughese-lanka.net,94,28,No,0
ORD1674,02-01-2023,05-01-2023,CUST1086,Ekalinga Bhargava,Home Office,PROD1006,Notebook,Office Supplies,South,Uttarakhand,Kottayam,6,12362,0,74172.0,4997.68,44185.92,Net Banking,Cancelled,Ben Ltd,gunbir50@kuruvilla.com,100,24,No,0
ORD1675,28-02-2023,05-03-2023,CUST1217,Ekapad Sachar,Corporate,PROD1007,Stapler,Office Supplies,South,Sikkim,Ghaziabad,4,10905,5,41439.0,8458.2,7606.2,Cash,Returned,Majumdar-Kala,ykhanna@anne-rama.net,14,31,Yes,34
ORD1676,17-09-2024,22-09-2024,CUST1270,Kiaan Narayan,Corporate,PROD1009,Calculator,Office Supplies,East,Punjab,Akola,4,14475,0,57900.0,10128.45,17386.2,Net Banking,Returned,Raval-Sani,bariaodika@sane.com,81,19,No,0
ORD1677,10-03-2023,13-03-2023,CUST1263,Sara Pillay,Corporate,PROD1016,Cooking Oil,Grocery,North,Manipur,Ratlam,9,4479,15,34264.35,2868.85,8444.7,Net Banking,Returned,"Amble, Bhargava and Rau",warindersharaf@ramanathan.com,13,25,Yes,47
ORD1678,29-05-2024,04-06-2024,CUST1245,Lopa Gade,Home Office,PROD1013,Headphones,Electronics,South,Maharashtra,Ambala,4,5858,15,19917.2,3406.43,6291.48,UPI,Cancelled,Buch and Sons,balizaitra@chada.info,41,24,No,0
ORD1679,14-09-2023,16-09-2023,CUST1245,Lopa Gade,Home Office,PROD1015,Rice Bag,Grocery,West,Maharashtra,Ambala,10,11182,20,89456.0,8707.28,2383.2,Net Banking,Pending,Mahal-Oza,omyabaral@rajagopal.com,15,28,Yes,49
ORD1680,13-02-2024,14-02-2024,CUST1024,Vasana Viswanathan,Home Office,PROD1009,Calculator,Office Supplies,West,Odisha,Ludhiana,1,14475,0,14475.0,10128.45,4346.55,Credit Card,Cancelled,Ben Ltd,gunbir50@kuruvilla.com,81,19,No,0
ORD1681,22-11-2023,23-11-2023,CUST1151,Praneel Bhandari,Consumer,PROD1011,Keyboard,Electronics,South,Uttarakhand,Satara,2,4734,10,8521.2,2786.2,2948.8,UPI,Delivered,Hari-Sehgal,harishrege@karpe.net,45,23,No,0
ORD1682,28-07-2024,04-08-2024,CUST1201,Owen Pandey,Home Office,PROD1001,Study Table,Furniture,North,Arunachal Pradesh,Anand,4,4700,10,16920.0,3230.55,3997.8,Credit Card,Returned,Kulkarni Ltd,pallavi25@sarma-minhas.com,94,28,No,0
ORD1683,09-06-2023,13-06-2023,CUST1094,Niharika Mallick,Consumer,PROD1011,Keyboard,Electronics,East,Tripura,Indore,6,4734,0,28404.0,2786.2,11686.8,Credit Card,Returned,Buch and Sons,balizaitra@chada.info,45,23,No,0
ORD1684,28-07-2024,30-07-2024,CUST1038,Ijaya Mangal,Corporate,PROD1001,Study Table,Furniture,South,Maharashtra,Narasaraopet,2,4700,15,7990.0,3230.55,1528.9,UPI,Returned,"Mistry, Sarkar and Madan",lataanmol@varughese-lanka.net,94,28,No,0
ORD1685,23-10-2024,26-10-2024,CUST1260,Harsh Kohli,Corporate,PROD1012,Mouse,Electronics,South,Kerala,Chandrapur,2,6429,15,10929.3,4008.17,2912.96,UPI,Cancelled,Hari-Sehgal,harishrege@karpe.net,76,29,No,0
ORD1686,15-11-2025,21-11-2025,CUST1085,Yahvi Vyas,Corporate,PROD1003,Bookshelf,Furniture,West,West Bengal,Thane,8,12860,15,87448.0,8267.37,21309.04,UPI,Delivered,Arya-Malhotra,jeremiah96@de.com,69,21,No,0
ORD1687,18-08-2023,21-08-2023,CUST1260,Harsh Kohli,Corporate,PROD1016,Cooking Oil,Grocery,North,Kerala,Chandrapur,2,4479,20,7166.4,2868.85,1428.7,Credit Card,Cancelled,Dube-Mander,vchoudhry@dhar.com,13,25,Yes,47
ORD1688,20-10-2025,26-10-2025,CUST1263,Sara Pillay,Corporate,PROD1001,Study Table,Furniture,West,Manipur,Ratlam,10,4700,0,47000.0,3230.55,14694.5,Net Banking,Returned,"Bhargava, Oommen and Sethi",khannanirja@gopal.info,94,28,No,0
ORD1689,07-05-2024,10-05-2024,CUST1266,Hamsini Kashyap,Home Office,PROD1011,Keyboard,Electronics,South,Goa,Anantapuram,3,4734,5,13491.9,2786.2,5133.3,UPI,Delivered,Sethi-Natarajan,dinhredhaan@sodhi-mani.info,45,23,No,0
ORD1690,10-02-2024,16-02-2024,CUST1142,Harini Golla,Corporate,PROD1009,Calculator,Office Supplies,North,Himachal Pradesh,Rourkela,6,14475,20,69480.0,10128.45,8709.3,Net Banking,Cancelled,Majumdar-Kala,ykhanna@anne-rama.net,81,19,No,0
ORD1691,21-04-2024,23-04-2024,CUST1213,Kavya Nath,Home Office,PROD1016,Cooking Oil,Grocery,East,Odisha,Sambhal,8,4479,10,32248.8,2868.85,9298.0,Cash,Delivered,"Vig, Purohit and Saraf",lnarula@edwin-dalal.com,13,25,Yes,47
ORD1692,30-11-2025,04-12-2025,CUST1017,Diya Mander,Corporate,PROD1015,Rice Bag,Grocery,East,Uttar Pradesh,Gorakhpur,6,11182,15,57028.2,8707.28,4784.52,Cash,Returned,Gill Group,tanvi56@sangha-parsa.org,15,28,Yes,49
ORD1693,14-04-2025,21-04-2025,CUST1061,Xavier Dewan,Corporate,PROD1015,Rice Bag,Grocery,South,West Bengal,Sonipat,7,11182,0,78274.0,8707.28,17323.04,Cash,Cancelled,Mahal-Oza,omyabaral@rajagopal.com,15,28,Yes,49
ORD1694,16-03-2024,17-03-2024,CUST1204,Upadhriti Bajwa,Corporate,PROD1005,Pen,Office Supplies,North,Arunachal Pradesh,Akola,9,5109,10,41382.9,1994.08,23436.18,Credit Card,Delivered,Majumdar-Kala,ykhanna@anne-rama.net,76,18,No,0
ORD1695,16-04-2024,20-04-2024,CUST1025,Shivansh Bir,Corporate,PROD1003,Bookshelf,Furniture,East,Himachal Pradesh,Hubli–Dharwad,1,12860,10,11574.0,8267.37,3306.63,Net Banking,Returned,Kulkarni Ltd,pallavi25@sarma-minhas.com,69,21,No,0
ORD1696,16-11-2025,18-11-2025,CUST1071,Varsha Singhal,Consumer,PROD1014,Monitor,Electronics,West,Assam,Kolkata,1,7430,5,7058.5,2466.9,4591.6,Cash,Pending,Bal-Goel,banikgautam@kuruvilla.net,55,27,No,0
ORD1697,08-05-2023,10-05-2023,CUST1236,Chandani Buch,Home Office,PROD1016,Cooking Oil,Grocery,East,Andhra Pradesh,Thanjavur,6,4479,10,24186.6,2868.85,6973.5,Cash,Returned,Mann LLC,gilljhalak@dhaliwal.com,13,25,Yes,47
ORD1698,09-10-2025,16-10-2025,CUST1114,Logan Kamdar,Corporate,PROD1014,Monitor,Electronics,South,Arunachal Pradesh,Morbi,5,7430,10,33435.0,2466.9,21100.5,Credit Card,Cancelled,Buch and Sons,balizaitra@chada.info,55,27,No,0
ORD1699,03-09-2023,09-09-2023,CUST1143,Gaurangi Bava,Corporate,PROD1011,Keyboard,Electronics,North,Chhattisgarh,Thiruvananthapuram,6,4734,20,22723.2,2786.2,6006.0,Credit Card,Pending,"Rajagopalan, Bains and Shere",mwalia@chhabra.net,45,23,No,0
ORD1700,17-07-2024,21-07-2024,CUST1097,Samar Oza,Home Office,PROD1007,Stapler,Office Supplies,East,Meghalaya,Vadodara,4,10905,15,37077.0,8458.2,3244.2,Net Banking,Cancelled,"More, Parmer and Dey",vgola@balakrishnan-sarin.net,14,31,Yes,34
ORD1701,06-04-2024,08-04-2024,CUST1035,Jalsa Nagi,Home Office,PROD1005,Pen,Office Supplies,East,Karnataka,Ramagundam,4,5109,5,19414.2,1994.08,11437.88,Net Banking,Delivered,"Bera, Dutta and Saraf",htata@sharaf-loyal.com,76,18,No,0
ORD1702,30-12-2023,31-12-2023,CUST1202,Vihaan Mannan,Corporate,PROD1005,Pen,Office Supplies,East,Gujarat,Chittoor,8,5109,15,34741.2,1994.08,18788.56,Net Banking,Cancelled,"Bera, Dutta and Saraf",htata@sharaf-loyal.com,76,18,No,0
ORD1703,29-01-2023,05-02-2023,CUST1073,Abha Wali,Home Office,PROD1015,Rice Bag,Grocery,North,Haryana,Kamarhati,2,11182,10,20127.6,8707.28,2713.04,Credit Card,Delivered,Dube-Mander,vchoudhry@dhar.com,15,28,Yes,49
ORD1704,13-01-2023,16-01-2023,CUST1065,Yashasvi Kaul,Corporate,PROD1011,Keyboard,Electronics,South,Andhra Pradesh,Karawal Nagar,6,4734,5,26983.8,2786.2,10266.6,UPI,Pending,Sethi-Natarajan,dinhredhaan@sodhi-mani.info,45,23,No,0
ORD1705,17-07-2025,21-07-2025,CUST1277,Hemang Kapur,Consumer,PROD1014,Monitor,Electronics,East,Haryana,Guntakal,1,7430,10,6687.0,2466.9,4220.1,UPI,Delivered,Buch and Sons,balizaitra@chada.info,55,27,No,0
ORD1706,27-02-2023,03-03-2023,CUST1113,Jyoti Malhotra,Home Office,PROD1015,Rice Bag,Grocery,East,Tripura,Pondicherry,9,11182,0,100638.0,8707.28,22272.48,Net Banking,Returned,"Vig, Purohit and Saraf",lnarula@edwin-dalal.com,15,28,Yes,49
ORD1707,03-09-2023,07-09-2023,CUST1051,Neel Basu,Home Office,PROD1002,Sofa,Furniture,East,Andhra Pradesh,Bulandshahr,7,10208,20,57164.8,6313.28,12971.84,UPI,Cancelled,Arya-Malhotra,jeremiah96@de.com,86,19,No,0
ORD1708,24-11-2024,27-11-2024,CUST1192,Wakeeta Dasgupta,Home Office,PROD1015,Rice Bag,Grocery,East,Tripura,Ballia,7,11182,5,74360.3,8707.28,13409.34,UPI,Delivered,Gill Group,tanvi56@sangha-parsa.org,15,28,Yes,49
ORD1709,04-11-2025,07-11-2025,CUST1153,Sanya Sahni,Home Office,PROD1015,Rice Bag,Grocery,North,Bihar,Mango,4,11182,0,44728.0,8707.28,9898.88,Net Banking,Delivered,"Amble, Bhargava and Rau",warindersharaf@ramanathan.com,15,28,Yes,49
ORD1710,21-03-2023,27-03-2023,CUST1184,Urishilla Randhawa,Consumer,PROD1010,Laptop,Electronics,West,Tamil Nadu,Dindigul,8,6866,5,52181.6,3602.05,23365.2,Credit Card,Pending,Bal-Goel,banikgautam@kuruvilla.net,15,31,Yes,41
ORD1711,16-12-2023,20-12-2023,CUST1068,Eiravati Bali,Home Office,PROD1002,Sofa,Furniture,East,Rajasthan,South Dumdum,3,10208,10,27561.6,6313.28,8621.76,Cash,Delivered,"Bhargava, Oommen and Sethi",khannanirja@gopal.info,86,19,No,0
ORD1712,13-11-2024,20-11-2024,CUST1043,Shivani Deep,Corporate,PROD1012,Mouse,Electronics,North,Manipur,Firozabad,9,6429,10,52074.9,4008.17,16001.37,UPI,Returned,"Rajagopalan, Bains and Shere",mwalia@chhabra.net,76,29,No,0
ORD1713,21-04-2024,25-04-2024,CUST1170,Kabir Kade,Home Office,PROD1006,Notebook,Office Supplies,North,Odisha,Saharanpur,3,12362,5,35231.7,4997.68,20238.66,Cash,Cancelled,Ben Ltd,gunbir50@kuruvilla.com,100,24,No,0
ORD1714,28-08-2023,31-08-2023,CUST1032,Ekbal Chokshi,Home Office,PROD1005,Pen,Office Supplies,East,Karnataka,Amravati,6,5109,10,27588.6,1994.08,15624.12,Net Banking,Cancelled,Swaminathan PLC,jaichopra@nadig-dube.net,76,18,No,0
ORD1715,29-03-2025,03-04-2025,CUST1168,Aayush Setty,Home Office,PROD1007,Stapler,Office Supplies,East,Andhra Pradesh,Nagercoil,2,10905,10,19629.0,8458.2,2712.6,Cash,Pending,Raval-Sani,bariaodika@sane.com,14,31,Yes,34
ORD1716,22-03-2024,29-03-2024,CUST1006,Anthony Nath,Home Office,PROD1005,Pen,Office Supplies,West,Maharashtra,Ghaziabad,4,5109,0,20436.0,1994.08,12459.68,UPI,Cancelled,"More, Parmer and Dey",vgola@balakrishnan-sarin.net,76,18,No,0
ORD1717,10-09-2024,17-09-2024,CUST1224,Rajeshri Chawla,Corporate,PROD1001,Study Table,Furniture,East,Manipur,Miryalaguda,1,4700,5,4465.0,3230.55,1234.45,Cash,Pending,Srivastava Ltd,viraj89@shan.net,94,28,No,0
ORD1718,17-11-2025,20-11-2025,CUST1221,Gayathri Manda,Home Office,PROD1001,Study Table,Furniture,South,Telangana,Ratlam,3,4700,15,11985.0,3230.55,2293.35,UPI,Delivered,Kulkarni Ltd,pallavi25@sarma-minhas.com,94,28,No,0
ORD1719,11-01-2023,15-01-2023,CUST1040,Dalaja Prasad,Home Office,PROD1015,Rice Bag,Grocery,West,Uttar Pradesh,Bhimavaram,1,11182,0,11182.0,8707.28,2474.72,Net Banking,Delivered,Mann LLC,gilljhalak@dhaliwal.com,15,28,Yes,49
ORD1720,21-03-2023,27-03-2023,CUST1111,Chanchal Pathak,Consumer,PROD1003,Bookshelf,Furniture,North,Assam,Rohtak,3,12860,0,38580.0,8267.37,13777.89,Cash,Returned,Kulkarni Ltd,pallavi25@sarma-minhas.com,69,21,No,0
ORD1721,03-02-2024,08-02-2024,CUST1178,Jhalak Kanda,Consumer,PROD1006,Notebook,Office Supplies,East,Arunachal Pradesh,Silchar,10,12362,5,117439.0,4997.68,67462.2,Credit Card,Returned,Raval-Sani,bariaodika@sane.com,100,24,No,0
ORD1722,04-10-2023,05-10-2023,CUST1202,Vihaan Mannan,Corporate,PROD1004,Dining Table,Furniture,North,Gujarat,Chittoor,3,13253,0,39759.0,4559.47,26080.59,Credit Card,Delivered,"Mistry, Sarkar and Madan",lataanmol@varughese-lanka.net,53,23,No,0
ORD1723,08-01-2024,11-01-2024,CUST1126,Brinda Nair,Corporate,PROD1005,Pen,Office Supplies,East,Chhattisgarh,Cuttack,4,5109,0,20436.0,1994.08,12459.68,Cash,Pending,Raval-Sani,bariaodika@sane.com,76,18,No,0
ORD1724,13-11-2025,19-11-2025,CUST1205,Patrick Dasgupta,Corporate,PROD1015,Rice Bag,Grocery,North,Himachal Pradesh,Vijayawada,6,11182,5,63737.4,8707.28,11493.72,Net Banking,Cancelled,Gill Group,tanvi56@sangha-parsa.org,15,28,Yes,49
ORD1725,12-07-2023,17-07-2023,CUST1215,Pahal Chowdhury,Home Office,PROD1016,Cooking Oil,Grocery,North,Maharashtra,Karawal Nagar,5,4479,20,17916.0,2868.85,3571.75,Credit Card,Cancelled,Mahal-Oza,omyabaral@rajagopal.com,13,25,Yes,47
ORD1726,13-08-2023,17-08-2023,CUST1223,Gavin Goswami,Corporate,PROD1015,Rice Bag,Grocery,North,Mizoram,Ghaziabad,3,11182,20,26836.8,8707.28,714.96,Cash,Cancelled,"Vig, Purohit and Saraf",lnarula@edwin-dalal.com,15,28,Yes,49
ORD1727,02-08-2025,09-08-2025,CUST1022,Logan Ramaswamy,Home Office,PROD1003,Bookshelf,Furniture,North,Odisha,Nangloi Jat,6,12860,20,61728.0,8267.37,12123.78,Credit Card,Cancelled,"Bhargava, Oommen and Sethi",khannanirja@gopal.info,69,21,No,0
ORD1728,29-10-2025,02-11-2025,CUST1244,Janya Bhattacharyya,Consumer,PROD1008,File Folder,Office Supplies,East,Uttar Pradesh,Allahabad,1,1640,10,1476.0,1112.22,363.78,UPI,Cancelled,Ben Ltd,gunbir50@kuruvilla.com,87,28,No,0
ORD1729,01-11-2024,03-11-2024,CUST1225,Vivaan Nagar,Corporate,PROD1014,Monitor,Electronics,West,Maharashtra,Jorhat,8,7430,10,53496.0,2466.9,33760.8,UPI,Pending,Bawa LLC,xpant@nadkarni.com,55,27,No,0
ORD1730,04-03-2024,08-03-2024,CUST1120,Onkar Pandit,Home Office,PROD1000,Office Chairs,Furniture,East,Assam,Imphal,10,10918,5,103721.0,4093.13,62789.7,Cash,Returned,Khosla and Sons,bhagatcaleb@gaba-ravi.com,11,32,Yes,50
ORD1731,09-08-2024,14-08-2024,CUST1296,Qadim Sen,Corporate,PROD1003,Bookshelf,Furniture,West,Punjab,Srinagar,5,12860,20,51440.0,8267.37,10103.15,UPI,Returned,"Bhargava, Oommen and Sethi",khannanirja@gopal.info,69,21,No,0
ORD1732,20-01-2025,24-01-2025,CUST1217,Ekapad Sachar,Corporate,PROD1016,Cooking Oil,Grocery,South,Sikkim,Ghaziabad,5,4479,20,17916.0,2868.85,3571.75,Cash,Cancelled,"Amble, Bhargava and Rau",warindersharaf@ramanathan.com,13,25,Yes,47
ORD1733,12-12-2024,14-12-2024,CUST1043,Shivani Deep,Corporate,PROD1000,Office Chairs,Furniture,East,Manipur,Firozabad,10,10918,10,98262.0,4093.13,57330.7,UPI,Pending,Kulkarni Ltd,pallavi25@sarma-minhas.com,11,32,Yes,50
ORD1734,20-05-2023,26-05-2023,CUST1008,Vihaan Goswami,Consumer,PROD1003,Bookshelf,Furniture,South,Meghalaya,Thrissur,5,12860,15,54655.0,8267.37,13318.15,Credit Card,Returned,Wali-Choudhry,gaurika24@banerjee.org,69,21,No,0
ORD1735,22-12-2024,24-12-2024,CUST1096,Baghyawati Mutti,Home Office,PROD1008,File Folder,Office Supplies,South,Sikkim,Sirsa,5,1640,0,8200.0,1112.22,2638.9,Net Banking,Cancelled,"Bera, Dutta and Saraf",htata@sharaf-loyal.com,87,28,No,0
ORD1736,21-06-2025,28-06-2025,CUST1220,Madhavi Pathak,Home Office,PROD1015,Rice Bag,Grocery,North,Madhya Pradesh,Muzaffarnagar,2,11182,10,20127.6,8707.28,2713.04,Cash,Cancelled,Mann LLC,gilljhalak@dhaliwal.com,15,28,Yes,49
ORD1737,01-12-2025,06-12-2025,CUST1103,Kritika Balasubramanian,Corporate,PROD1009,Calculator,Office Supplies,North,Chhattisgarh,Arrah,10,14475,5,137512.5,10128.45,36228.0,UPI,Returned,Swaminathan PLC,jaichopra@nadig-dube.net,81,19,No,0
ORD1738,12-11-2023,15-11-2023,CUST1101,Qabil Gola,Home Office,PROD1016,Cooking Oil,Grocery,East,Nagaland,Gopalpur,9,4479,20,32248.8,2868.85,6429.15,UPI,Delivered,"Amble, Bhargava and Rau",warindersharaf@ramanathan.com,13,25,Yes,47
ORD1739,03-04-2025,10-04-2025,CUST1287,Brijesh Bakshi,Consumer,PROD1005,Pen,Office Supplies,West,Uttar Pradesh,Howrah,9,5109,0,45981.0,1994.08,28034.28,Credit Card,Pending,Ben Ltd,gunbir50@kuruvilla.com,76,18,No,0
ORD1740,05-10-2024,12-10-2024,CUST1133,Wazir Andra,Home Office,PROD1008,File Folder,Office Supplies,East,Mizoram,Hazaribagh,5,1640,10,7380.0,1112.22,1818.9,Credit Card,Pending,"Bera, Dutta and Saraf",htata@sharaf-loyal.com,87,28,No,0
ORD1741,18-11-2023,23-11-2023,CUST1041,Gopal Dey,Consumer,PROD1012,Mouse,Electronics,East,Himachal Pradesh,Kolhapur,7,6429,0,45003.0,4008.17,16945.81,Cash,Returned,Buch and Sons,balizaitra@chada.info,76,29,No,0
ORD1742,01-11-2024,05-11-2024,CUST1087,Tanay Sem,Consumer,PROD1010,Laptop,Electronics,West,Nagaland,Ramgarh,8,6866,0,54928.0,3602.05,26111.6,Net Banking,Returned,Hari-Sehgal,harishrege@karpe.net,15,31,Yes,41
ORD1743,01-01-2025,04-01-2025,CUST1223,Gavin Goswami,Corporate,PROD1003,Bookshelf,Furniture,South,Mizoram,Ghaziabad,3,12860,15,32793.0,8267.37,7990.89,Cash,Pending,Srivastava Ltd,viraj89@shan.net,69,21,No,0
ORD1744,20-07-2025,21-07-2025,CUST1014,Jagat Sura,Corporate,PROD1010,Laptop,Electronics,North,Meghalaya,Bulandshahr,9,6866,10,55614.6,3602.05,23196.15,Cash,Delivered,"Rajagopalan, Bains and Shere",mwalia@chhabra.net,15,31,Yes,41
ORD1745,12-11-2024,17-11-2024,CUST1144,Tarak Krishnan,Corporate,PROD1015,Rice Bag,Grocery,West,Uttar Pradesh,Adoni,8,11182,10,80510.4,8707.28,10852.16,Cash,Delivered,Mann LLC,gilljhalak@dhaliwal.com,15,28,Yes,49
ORD1746,19-10-2023,22-10-2023,CUST1116,Kamala Tailor,Consumer,PROD1006,Notebook,Office Supplies,East,Madhya Pradesh,Giridih,1,12362,0,12362.0,4997.68,7364.32,Cash,Cancelled,Raval-Sani,bariaodika@sane.com,100,24,No,0
ORD1747,17-06-2025,20-06-2025,CUST1255,Samuel Bali,Consumer,PROD1010,Laptop,Electronics,North,Manipur,Machilipatnam,1,6866,0,6866.0,3602.05,3263.95,Net Banking,Returned,Buch and Sons,balizaitra@chada.info,15,31,Yes,41
ORD1748,29-05-2025,31-05-2025,CUST1026,Zaitra Mitra,Home Office,PROD1010,Laptop,Electronics,North,West Bengal,Coimbatore,2,6866,5,13045.4,3602.05,5841.3,Net Banking,Cancelled,"Rajagopalan, Bains and Shere",mwalia@chhabra.net,15,31,Yes,41
ORD1749,23-02-2025,26-02-2025,CUST1274,Indira Gole,Home Office,PROD1006,Notebook,Office Supplies,East,Uttarakhand,Giridih,8,12362,15,84061.6,4997.68,44080.16,UPI,Pending,"Bera, Dutta and Saraf",htata@sharaf-loyal.com,100,24,No,0
ORD1750,04-09-2025,07-09-2025,CUST1280,Pranav Kuruvilla,Home Office,PROD1003,Bookshelf,Furniture,South,Jharkhand,Nellore,9,12860,15,98379.0,8267.37,23972.67,Credit Card,Returned,Khosla and Sons,bhagatcaleb@gaba-ravi.com,69,21,No,0
ORD1751,18-12-2025,20-12-2025,CUST1166,Isaiah Khurana,Home Office,PROD1000,Office Chairs,Furniture,South,Tamil Nadu,Kurnool,10,10918,20,87344.0,4093.13,46412.7,UPI,Cancelled,Srivastava Ltd,viraj89@shan.net,11,32,Yes,50
ORD1752,13-08-2023,18-08-2023,CUST1104,Garima Lalla,Consumer,PROD1010,Laptop,Electronics,North,Uttarakhand,Pune,4,6866,10,24717.6,3602.05,10309.4,UPI,Delivered,Hari-Sehgal,harishrege@karpe.net,15,31,Yes,41
ORD1753,21-10-2023,23-10-2023,CUST1003,Falan Aurora,Consumer,PROD1013,Headphones,Electronics,East,Chhattisgarh,Shimoga,5,5858,15,24896.5,3406.43,7864.35,Credit Card,Delivered,Sethi-Natarajan,dinhredhaan@sodhi-mani.info,41,24,No,0
ORD1754,25-05-2025,31-05-2025,CUST1038,Ijaya Mangal,Corporate,PROD1013,Headphones,Electronics,North,Maharashtra,Narasaraopet,10,5858,0,58580.0,3406.43,24515.7,Credit Card,Cancelled,"Rajagopalan, Bains and Shere",mwalia@chhabra.net,41,24,No,0
ORD1755,07-01-2025,11-01-2025,CUST1011,Max Manne,Home Office,PROD1006,Notebook,Office Supplies,East,Uttar Pradesh,Kolkata,1,12362,20,9889.6,4997.68,4891.92,Credit Card,Pending,Swaminathan PLC,jaichopra@nadig-dube.net,100,24,No,0
ORD1756,10-06-2024,13-06-2024,CUST1123,Balendra Sani,Corporate,PROD1008,File Folder,Office Supplies,East,Uttar Pradesh,Singrauli,2,1640,20,2624.0,1112.22,399.56,Credit Card,Delivered,Majumdar-Kala,ykhanna@anne-rama.net,87,28,No,0
ORD1757,20-07-2025,23-07-2025,CUST1016,Liam Dua,Home Office,PROD1001,Study Table,Furniture,West,Goa,Shahjahanpur,4,4700,5,17860.0,3230.55,4937.8,UPI,Returned,Wali-Choudhry,gaurika24@banerjee.org,94,28,No,0
ORD1758,10-09-2025,13-09-2025,CUST1113,Jyoti Malhotra,Home Office,PROD1011,Keyboard,Electronics,North,Tripura,Pondicherry,8,4734,15,32191.2,2786.2,9901.6,UPI,Pending,Sethi-Natarajan,dinhredhaan@sodhi-mani.info,45,23,No,0
ORD1759,07-06-2024,08-06-2024,CUST1042,Krish Arya,Corporate,PROD1015,Rice Bag,Grocery,North,West Bengal,Korba,9,11182,15,85542.3,8707.28,7176.78,Credit Card,Returned,Mann LLC,gilljhalak@dhaliwal.com,15,28,Yes,49
ORD1760,22-10-2023,23-10-2023,CUST1041,Gopal Dey,Consumer,PROD1001,Study Table,Furniture,North,Himachal Pradesh,Kolhapur,8,4700,10,33840.0,3230.55,7995.6,UPI,Delivered,Kulkarni Ltd,pallavi25@sarma-minhas.com,94,28,No,0
ORD1761,14-05-2024,19-05-2024,CUST1176,Riya Kalla,Corporate,PROD1004,Dining Table,Furniture,South,Punjab,Machilipatnam,2,13253,10,23855.4,4559.47,14736.46,Net Banking,Returned,Arya-Malhotra,jeremiah96@de.com,53,23,No,0
ORD1762,21-07-2024,26-07-2024,CUST1236,Chandani Buch,Home Office,PROD1006,Notebook,Office Supplies,North,Andhra Pradesh,Thanjavur,7,12362,20,69227.2,4997.68,34243.44,UPI,Pending,Swaminathan PLC,jaichopra@nadig-dube.net,100,24,No,0
ORD1763,24-04-2025,25-04-2025,CUST1157,Shravya Kata,Consumer,PROD1012,Mouse,Electronics,North,Uttar Pradesh,Hyderabad,10,6429,20,51432.0,4008.17,11350.3,Net Banking,Cancelled,Bal-Goel,banikgautam@kuruvilla.net,76,29,No,0
ORD1764,08-03-2024,11-03-2024,CUST1011,Max Manne,Home Office,PROD1012,Mouse,Electronics,North,Uttar Pradesh,Kolkata,9,6429,0,57861.0,4008.17,21787.47,Cash,Pending,"Rajagopalan, Bains and Shere",mwalia@chhabra.net,76,29,No,0
ORD1765,14-01-2025,16-01-2025,CUST1298,Saumya Badal,Corporate,PROD1000,Office Chairs,Furniture,South,Haryana,Mirzapur,1,10918,0,10918.0,4093.13,6824.87,Credit Card,Delivered,Wali-Choudhry,gaurika24@banerjee.org,11,32,Yes,50
ORD1766,12-05-2024,19-05-2024,CUST1222,Chatura Nagi,Consumer,PROD1015,Rice Bag,Grocery,North,Assam,Bhilwara,6,11182,5,63737.4,8707.28,11493.72,Net Banking,Pending,Mahal-Oza,omyabaral@rajagopal.com,15,28,Yes,49
ORD1767,28-12-2025,31-12-2025,CUST1081,Guneet Gupta,Corporate,PROD1011,Keyboard,Electronics,West,Telangana,Aurangabad,2,4734,10,8521.2,2786.2,2948.8,Cash,Cancelled,Hari-Sehgal,harishrege@karpe.net,45,23,No,0
ORD1768,04-06-2025,09-06-2025,CUST1282,Xavier Wali,Corporate,PROD1008,File Folder,Office Supplies,West,West Bengal,Belgaum,3,1640,0,4920.0,1112.22,1583.34,Cash,Returned,Raval-Sani,bariaodika@sane.com,87,28,No,0
ORD1769,17-06-2025,23-06-2025,CUST1013,Jagat Sarkar,Corporate,PROD1015,Rice Bag,Grocery,West,Karnataka,Kharagpur,10,11182,10,100638.0,8707.28,13565.2,Net Banking,Returned,Dube-Mander,vchoudhry@dhar.com,15,28,Yes,49
ORD1770,07-11-2025,09-11-2025,CUST1074,Logan Konda,Home Office,PROD1004,Dining Table,Furniture,West,Bihar,Siliguri,6,13253,10,71566.2,4559.47,44209.38,Credit Card,Pending,"Mistry, Sarkar and Madan",lataanmol@varughese-lanka.net,53,23,No,0
ORD1771,09-01-2024,13-01-2024,CUST1037,Luke Keer,Corporate,PROD1006,Notebook,Office Supplies,North,Manipur,Anantapur,2,12362,5,23487.8,4997.68,13492.44,UPI,Returned,"More, Parmer and Dey",vgola@balakrishnan-sarin.net,100,24,No,0
ORD1772,03-08-2023,10-08-2023,CUST1102,Ira Chauhan,Consumer,PROD1007,Stapler,Office Supplies,South,Odisha,Ratlam,7,10905,10,68701.5,8458.2,9494.1,Credit Card,Cancelled,Raval-Sani,bariaodika@sane.com,14,31,Yes,34
ORD1773,13-05-2025,18-05-2025,CUST1159,Zaid Gola,Corporate,PROD1014,Monitor,Electronics,North,Madhya Pradesh,Howrah,7,7430,15,44208.5,2466.9,26940.2,Net Banking,Delivered,Hari-Sehgal,harishrege@karpe.net,55,27,No,0
ORD1774,04-05-2023,05-05-2023,CUST1186,Damini Majumdar,Consumer,PROD1000,Office Chairs,Furniture,North,Telangana,Jalandhar,1,10918,10,9826.2,4093.13,5733.07,Net Banking,Delivered,Srivastava Ltd,viraj89@shan.net,11,32,Yes,50
ORD1775,25-09-2024,27-09-2024,CUST1125,Kamala Uppal,Corporate,PROD1009,Calculator,Office Supplies,North,Tamil Nadu,Jamalpur,8,14475,15,98430.0,10128.45,17402.4,Net Banking,Cancelled,Raval-Sani,bariaodika@sane.com,81,19,No,0
ORD1776,05-03-2024,08-03-2024,CUST1089,Chakradhar Bera,Home Office,PROD1013,Headphones,Electronics,West,Arunachal Pradesh,Proddatur,5,5858,15,24896.5,3406.43,7864.35,Credit Card,Pending,Bal-Goel,banikgautam@kuruvilla.net,41,24,No,0
ORD1777,06-08-2025,10-08-2025,CUST1009,Varsha Wali,Consumer,PROD1002,Sofa,Furniture,South,Kerala,Bhimavaram,2,10208,15,17353.6,6313.28,4727.04,Cash,Returned,Wali-Choudhry,gaurika24@banerjee.org,86,19,No,0
ORD1778,29-01-2025,04-02-2025,CUST1274,Indira Gole,Home Office,PROD1006,Notebook,Office Supplies,South,Uttarakhand,Giridih,2,12362,15,21015.4,4997.68,11020.04,Cash,Pending,Raval-Sani,bariaodika@sane.com,100,24,No,0
ORD1779,01-01-2025,05-01-2025,CUST1213,Kavya Nath,Home Office,PROD1014,Monitor,Electronics,East,Odisha,Sambhal,8,7430,10,53496.0,2466.9,33760.8,Net Banking,Cancelled,Bal-Goel,banikgautam@kuruvilla.net,55,27,No,0
ORD1780,24-07-2025,29-07-2025,CUST1036,Aarini Nazareth,Home Office,PROD1015,Rice Bag,Grocery,South,Arunachal Pradesh,Kishanganj,9,11182,20,80510.4,8707.28,2144.88,Credit Card,Delivered,"Amble, Bhargava and Rau",warindersharaf@ramanathan.com,15,28,Yes,49
ORD1781,23-12-2025,28-12-2025,CUST1150,Zansi Bhatt,Consumer,PROD1005,Pen,Office Supplies,South,Chhattisgarh,Bally,3,5109,15,13027.95,1994.08,7045.71,Credit Card,Cancelled,"Bera, Dutta and Saraf",htata@sharaf-loyal.com,76,18,No,0
ORD1782,18-05-2023,21-05-2023,CUST1049,Ucchal Balakrishnan,Corporate,PROD1002,Sofa,Furniture,South,Rajasthan,Pondicherry,5,10208,20,40832.0,6313.28,9265.6,UPI,Cancelled,"Bhargava, Oommen and Sethi",khannanirja@gopal.info,86,19,No,0
ORD1783,07-05-2023,14-05-2023,CUST1073,Abha Wali,Home Office,PROD1007,Stapler,Office Supplies,West,Haryana,Kamarhati,8,10905,20,69792.0,8458.2,2126.4,Credit Card,Pending,"More, Parmer and Dey",vgola@balakrishnan-sarin.net,14,31,Yes,34
ORD1784,29-06-2025,02-07-2025,CUST1210,Aahana Kaur,Consumer,PROD1006,Notebook,Office Supplies,North,Mizoram,Karnal,7,12362,0,86534.0,4997.68,51550.24,UPI,Cancelled,Raval-Sani,bariaodika@sane.com,100,24,No,0
ORD1785,04-02-2025,10-02-2025,CUST1198,Tristan Date,Home Office,PROD1004,Dining Table,Furniture,North,Tamil Nadu,Bilaspur,10,13253,5,125903.5,4559.47,80308.8,UPI,Cancelled,Srivastava Ltd,viraj89@shan.net,53,23,No,0
ORD1786,06-12-2025,11-12-2025,CUST1262,Jackson Seshadri,Corporate,PROD1015,Rice Bag,Grocery,West,Tripura,Sri Ganganagar,3,11182,10,30191.4,8707.28,4069.56,Net Banking,Pending,Mahal-Oza,omyabaral@rajagopal.com,15,28,Yes,49
ORD1787,28-03-2024,04-04-2024,CUST1032,Ekbal Chokshi,Home Office,PROD1016,Cooking Oil,Grocery,North,Karnataka,Amravati,8,4479,0,35832.0,2868.85,12881.2,Cash,Returned,Mahal-Oza,omyabaral@rajagopal.com,13,25,Yes,47
ORD1788,28-03-2025,03-04-2025,CUST1288,Zayyan Chaudry,Home Office,PROD1000,Office Chairs,Furniture,West,Kerala,Karaikudi,10,10918,10,98262.0,4093.13,57330.7,Credit Card,Cancelled,Srivastava Ltd,viraj89@shan.net,11,32,Yes,50
ORD1789,12-03-2023,18-03-2023,CUST1134,Neha Upadhyay,Corporate,PROD1008,File Folder,Office Supplies,East,Odisha,Karaikudi,8,1640,0,13120.0,1112.22,4222.24,Cash,Delivered,Raval-Sani,bariaodika@sane.com,87,28,No,0
ORD1790,07-04-2025,11-04-2025,CUST1034,Zansi Goel,Consumer,PROD1016,Cooking Oil,Grocery,West,West Bengal,Gandhidham,1,4479,10,4031.1,2868.85,1162.25,Credit Card,Delivered,"Vig, Purohit and Saraf",lnarula@edwin-dalal.com,13,25,Yes,47
ORD1791,09-04-2025,13-04-2025,CUST1021,Henry Singhal,Home Office,PROD1013,Headphones,Electronics,East,Madhya Pradesh,Shimla,5,5858,15,24896.5,3406.43,7864.35,Net Banking,Pending,Bal-Goel,banikgautam@kuruvilla.net,41,24,No,0
ORD1792,04-03-2025,10-03-2025,CUST1169,Samaksh Bhandari,Corporate,PROD1008,File Folder,Office Supplies,East,Nagaland,Pune,8,1640,20,10496.0,1112.22,1598.24,Cash,Delivered,Majumdar-Kala,ykhanna@anne-rama.net,87,28,No,0
ORD1793,02-01-2023,09-01-2023,CUST1069,Harita Lalla,Home Office,PROD1012,Mouse,Electronics,East,Jharkhand,Shivpuri,10,6429,15,54646.5,4008.17,14564.8,Cash,Delivered,Hari-Sehgal,harishrege@karpe.net,76,29,No,0
ORD1794,05-08-2024,11-08-2024,CUST1128,Baghyawati Barad,Home Office,PROD1001,Study Table,Furniture,West,Jharkhand,Tirupati,9,4700,20,33840.0,3230.55,4765.05,Net Banking,Cancelled,Wali-Choudhry,gaurika24@banerjee.org,94,28,No,0
ORD1795,12-06-2023,13-06-2023,CUST1117,Gunbir Sahni,Home Office,PROD1011,Keyboard,Electronics,West,Odisha,Erode,4,4734,15,16095.6,2786.2,4950.8,Cash,Cancelled,Sethi-Natarajan,dinhredhaan@sodhi-mani.info,45,23,No,0
ORD1796,29-03-2023,31-03-2023,CUST1081,Guneet Gupta,Corporate,PROD1008,File Folder,Office Supplies,North,Telangana,Aurangabad,4,1640,20,5248.0,1112.22,799.12,Net Banking,Returned,Ben Ltd,gunbir50@kuruvilla.com,87,28,No,0
ORD1797,27-03-2025,31-03-2025,CUST1122,Leena Mistry,Corporate,PROD1000,Office Chairs,Furniture,North,Sikkim,Kakinada,6,10918,20,52406.4,4093.13,27847.62,Credit Card,Pending,"Bhargava, Oommen and Sethi",khannanirja@gopal.info,11,32,Yes,50
ORD1798,01-06-2025,05-06-2025,CUST1187,Maanav Luthra,Consumer,PROD1002,Sofa,Furniture,South,Uttarakhand,Etawah,9,10208,10,82684.8,6313.28,25865.28,Cash,Delivered,Kulkarni Ltd,pallavi25@sarma-minhas.com,86,19,No,0
ORD1799,06-02-2024,08-02-2024,CUST1283,Yoshita Sagar,Corporate,PROD1014,Monitor,Electronics,North,Bihar,South Dumdum,1,7430,20,5944.0,2466.9,3477.1,Cash,Pending,Sethi-Natarajan,dinhredhaan@sodhi-mani.info,55,27,No,0
ORD1800,16-10-2024,19-10-2024,CUST1181,Adweta Bir,Corporate,PROD1011,Keyboard,Electronics,West,Himachal Pradesh,Tadepalligudem,9,4734,15,36215.1,2786.2,11139.3,Cash,Pending,"Rajagopalan, Bains and Shere",mwalia@chhabra.net,45,23,No,0
ORD1801,04-12-2025,08-12-2025,CUST1299,Vansha Sunder,Home Office,PROD1000,Office Chairs,Furniture,South,Assam,Madhyamgram,1,10918,10,9826.2,4093.13,5733.07,Net Banking,Delivered,Wali-Choudhry,gaurika24@banerjee.org,11,32,Yes,50
ORD1802,19-12-2024,23-12-2024,CUST1250,Darika Malhotra,Home Office,PROD1008,File Folder,Office Supplies,East,Chhattisgarh,Amritsar,6,1640,5,9348.0,1112.22,2674.68,Net Banking,Delivered,Swaminathan PLC,jaichopra@nadig-dube.net,87,28,No,0
ORD1803,06-05-2023,08-05-2023,CUST1234,Yadavi Shan,Consumer,PROD1006,Notebook,Office Supplies,South,Uttar Pradesh,Suryapet,6,12362,0,74172.0,4997.68,44185.92,Cash,Cancelled,"Bera, Dutta and Saraf",htata@sharaf-loyal.com,100,24,No,0
ORD1804,21-08-2023,23-08-2023,CUST1075,Timothy Biswas,Consumer,PROD1016,Cooking Oil,Grocery,South,Meghalaya,Darbhanga,10,4479,0,44790.0,2868.85,16101.5,Net Banking,Pending,Mahal-Oza,omyabaral@rajagopal.com,13,25,Yes,47
ORD1805,12-04-2024,14-04-2024,CUST1159,Zaid Gola,Corporate,PROD1010,Laptop,Electronics,West,Madhya Pradesh,Howrah,5,6866,20,27464.0,3602.05,9453.75,Credit Card,Pending,Sethi-Natarajan,dinhredhaan@sodhi-mani.info,15,31,Yes,41
ORD1806,20-04-2024,27-04-2024,CUST1020,Siya Nayak,Consumer,PROD1016,Cooking Oil,Grocery,South,Maharashtra,Pudukkottai,7,4479,15,26650.05,2868.85,6568.1,Cash,Delivered,Mahal-Oza,omyabaral@rajagopal.com,13,25,Yes,47
ORD1807,15-12-2024,18-12-2024,CUST1068,Eiravati Bali,Home Office,PROD1015,Rice Bag,Grocery,North,Rajasthan,South Dumdum,2,11182,5,21245.8,8707.28,3831.24,Net Banking,Returned,Mann LLC,gilljhalak@dhaliwal.com,15,28,Yes,49
ORD1808,16-09-2023,22-09-2023,CUST1172,Harshil Bumb,Corporate,PROD1011,Keyboard,Electronics,South,Andhra Pradesh,Vadodara,3,4734,5,13491.9,2786.2,5133.3,Net Banking,Delivered,Buch and Sons,balizaitra@chada.info,45,23,No,0
ORD1809,11-06-2024,13-06-2024,CUST1215,Pahal Chowdhury,Home Office,PROD1009,Calculator,Office Supplies,East,Maharashtra,Karawal Nagar,2,14475,5,27502.5,10128.45,7245.6,Credit Card,Returned,"More, Parmer and Dey",vgola@balakrishnan-sarin.net,81,19,No,0
ORD1810,26-02-2025,04-03-2025,CUST1049,Ucchal Balakrishnan,Corporate,PROD1003,Bookshelf,Furniture,South,Rajasthan,Pondicherry,7,12860,20,72016.0,8267.37,14144.41,Net Banking,Delivered,Arya-Malhotra,jeremiah96@de.com,69,21,No,0
ORD1811,26-08-2025,27-08-2025,CUST1156,Jacob Bal,Corporate,PROD1006,Notebook,Office Supplies,West,Manipur,Durg,5,12362,15,52538.5,4997.68,27550.1,Cash,Returned,Raval-Sani,bariaodika@sane.com,100,24,No,0
ORD1812,24-10-2024,26-10-2024,CUST1193,Zilmil Rau,Consumer,PROD1004,Dining Table,Furniture,North,Odisha,Kavali,3,13253,0,39759.0,4559.47,26080.59,UPI,Pending,"Bhargava, Oommen and Sethi",khannanirja@gopal.info,53,23,No,0
ORD1813,04-01-2023,08-01-2023,CUST1103,Kritika Balasubramanian,Corporate,PROD1016,Cooking Oil,Grocery,North,Chhattisgarh,Arrah,4,4479,0,17916.0,2868.85,6440.6,Cash,Returned,Dube-Mander,vchoudhry@dhar.com,13,25,Yes,47
ORD1814,11-03-2023,13-03-2023,CUST1252,Manya Kari,Consumer,PROD1008,File Folder,Office Supplies,North,Kerala,Vijayawada,4,1640,0,6560.0,1112.22,2111.12,Net Banking,Cancelled,Ben Ltd,gunbir50@kuruvilla.com,87,28,No,0
ORD1815,15-11-2024,22-11-2024,CUST1059,Darika Purohit,Corporate,PROD1004,Dining Table,Furniture,West,Chhattisgarh,Aizawl,4,13253,10,47710.8,4559.47,29472.92,Net Banking,Cancelled,"Bhargava, Oommen and Sethi",khannanirja@gopal.info,53,23,No,0
ORD1816,05-07-2023,07-07-2023,CUST1216,Vedant Karnik,Consumer,PROD1016,Cooking Oil,Grocery,South,Nagaland,Surendranagar Dudhrej,1,4479,15,3807.15,2868.85,938.3,Net Banking,Returned,Gill Group,tanvi56@sangha-parsa.org,13,25,Yes,47
ORD1817,28-08-2023,02-09-2023,CUST1182,Unni Manda,Corporate,PROD1015,Rice Bag,Grocery,North,Karnataka,Ghaziabad,9,11182,20,80510.4,8707.28,2144.88,Cash,Pending,Gill Group,tanvi56@sangha-parsa.org,15,28,Yes,49
ORD1818,23-11-2025,27-11-2025,CUST1109,Devika Misra,Consumer,PROD1008,File Folder,Office Supplies,North,Punjab,Bijapur,1,1640,0,1640.0,1112.22,527.78,Cash,Pending,Swaminathan PLC,jaichopra@nadig-dube.net,87,28,No,0
ORD1819,23-09-2024,29-09-2024,CUST1185,Gaurika Kohli,Consumer,PROD1000,Office Chairs,Furniture,North,Gujarat,Durgapur,5,10918,5,51860.5,4093.13,31394.85,Net Banking,Pending,Arya-Malhotra,jeremiah96@de.com,11,32,Yes,50
ORD1820,27-02-2023,03-03-2023,CUST1033,Reva Ahluwalia,Consumer,PROD1003,Bookshelf,Furniture,West,Punjab,Kulti,7,12860,10,81018.0,8267.37,23146.41,UPI,Cancelled,Khosla and Sons,bhagatcaleb@gaba-ravi.com,69,21,No,0
ORD1821,15-01-2024,17-01-2024,CUST1005,Edhitha Narain,Home Office,PROD1014,Monitor,Electronics,South,Uttarakhand,Avadi,4,7430,10,26748.0,2466.9,16880.4,Credit Card,Pending,Bal-Goel,banikgautam@kuruvilla.net,55,27,No,0
ORD1822,21-12-2024,26-12-2024,CUST1226,Kamala Tiwari,Consumer,PROD1008,File Folder,Office Supplies,East,Telangana,Bhavnagar,9,1640,0,14760.0,1112.22,4750.02,Credit Card,Delivered,"Bera, Dutta and Saraf",htata@sharaf-loyal.com,87,28,No,0
ORD1823,03-12-2023,10-12-2023,CUST1015,Qabil Chaudhary,Corporate,PROD1013,Headphones,Electronics,East,Punjab,Noida,10,5858,0,58580.0,3406.43,24515.7,UPI,Delivered,Sethi-Natarajan,dinhredhaan@sodhi-mani.info,41,24,No,0
ORD1824,21-09-2024,26-09-2024,CUST1011,Max Manne,Home Office,PROD1007,Stapler,Office Supplies,South,Uttar Pradesh,Kolkata,10,10905,15,92692.5,8458.2,8110.5,Cash,Pending,"Bera, Dutta and Saraf",htata@sharaf-loyal.com,14,31,Yes,34
ORD1825,04-03-2023,05-03-2023,CUST1135,Gaurika Gupta,Corporate,PROD1011,Keyboard,Electronics,North,West Bengal,Rajpur Sonarpur,3,4734,10,12781.8,2786.2,4423.2,UPI,Delivered,Sethi-Natarajan,dinhredhaan@sodhi-mani.info,45,23,No,0
ORD1826,18-01-2025,19-01-2025,CUST1038,Ijaya Mangal,Corporate,PROD1015,Rice Bag,Grocery,West,Maharashtra,Narasaraopet,10,11182,15,95047.0,8707.28,7974.2,UPI,Cancelled,"Amble, Bhargava and Rau",warindersharaf@ramanathan.com,15,28,Yes,49
ORD1827,19-05-2025,23-05-2025,CUST1285,Aadi Varty,Home Office,PROD1012,Mouse,Electronics,West,Meghalaya,Madhyamgram,8,6429,10,46288.8,4008.17,14223.44,Net Banking,Returned,Buch and Sons,balizaitra@chada.info,76,29,No,0
ORD1828,14-02-2023,16-02-2023,CUST1152,Zehaan Ray,Corporate,PROD1014,Monitor,Electronics,West,Gujarat,Sambhal,10,7430,15,63155.0,2466.9,38486.0,Credit Card,Returned,Bawa LLC,xpant@nadkarni.com,55,27,No,0
ORD1829,03-11-2024,05-11-2024,CUST1271,Elijah Bobal,Corporate,PROD1005,Pen,Office Supplies,North,Tamil Nadu,Bally,10,5109,10,45981.0,1994.08,26040.2,UPI,Returned,Swaminathan PLC,jaichopra@nadig-dube.net,76,18,No,0
ORD1830,25-12-2025,29-12-2025,CUST1085,Yahvi Vyas,Corporate,PROD1000,Office Chairs,Furniture,East,West Bengal,Thane,9,10918,20,78609.6,4093.13,41771.43,Net Banking,Returned,Arya-Malhotra,jeremiah96@de.com,11,32,Yes,50
ORD1831,27-04-2024,03-05-2024,CUST1298,Saumya Badal,Corporate,PROD1016,Cooking Oil,Grocery,North,Haryana,Mirzapur,10,4479,10,40311.0,2868.85,11622.5,Credit Card,Pending,Mann LLC,gilljhalak@dhaliwal.com,13,25,Yes,47
ORD1832,26-01-2023,31-01-2023,CUST1215,Pahal Chowdhury,Home Office,PROD1002,Sofa,Furniture,East,Maharashtra,Karawal Nagar,3,10208,0,30624.0,6313.28,11684.16,Credit Card,Pending,Kulkarni Ltd,pallavi25@sarma-minhas.com,86,19,No,0
ORD1833,08-08-2025,13-08-2025,CUST1249,Rayaan Thaman,Corporate,PROD1002,Sofa,Furniture,East,Madhya Pradesh,Sirsa,7,10208,10,64310.4,6313.28,20117.44,UPI,Returned,"Mistry, Sarkar and Madan",lataanmol@varughese-lanka.net,86,19,No,0
ORD1834,11-05-2025,13-05-2025,CUST1131,Andrew Kala,Home Office,PROD1000,Office Chairs,Furniture,West,Gujarat,Kadapa,7,10918,10,68783.4,4093.13,40131.49,Credit Card,Returned,Wali-Choudhry,gaurika24@banerjee.org,11,32,Yes,50
ORD1835,07-02-2023,09-02-2023,CUST1106,Anay Sandhu,Consumer,PROD1006,Notebook,Office Supplies,East,Meghalaya,Bhind,4,12362,15,42030.8,4997.68,22040.08,Credit Card,Pending,Majumdar-Kala,ykhanna@anne-rama.net,100,24,No,0
ORD1836,21-02-2024,23-02-2024,CUST1075,Timothy Biswas,Consumer,PROD1016,Cooking Oil,Grocery,West,Meghalaya,Darbhanga,5,4479,15,19035.75,2868.85,4691.5,Net Banking,Returned,Gill Group,tanvi56@sangha-parsa.org,13,25,Yes,47
ORD1837,19-05-2023,21-05-2023,CUST1140,Vihaan Mallick,Corporate,PROD1010,Laptop,Electronics,West,Goa,Bhiwani,9,6866,5,58704.3,3602.05,26285.85,Net Banking,Cancelled,Buch and Sons,balizaitra@chada.info,15,31,Yes,41
ORD1838,31-07-2023,04-08-2023,CUST1293,Samar Baria,Home Office,PROD1005,Pen,Office Supplies,North,Madhya Pradesh,Bokaro,2,5109,20,8174.4,1994.08,4186.24,UPI,Delivered,Swaminathan PLC,jaichopra@nadig-dube.net,76,18,No,0
ORD1839,16-06-2024,18-06-2024,CUST1282,Xavier Wali,Corporate,PROD1015,Rice Bag,Grocery,East,West Bengal,Belgaum,6,11182,10,60382.8,8707.28,8139.12,Cash,Cancelled,"Vig, Purohit and Saraf",lnarula@edwin-dalal.com,15,28,Yes,49
ORD1840,07-05-2025,11-05-2025,CUST1096,Baghyawati Mutti,Home Office,PROD1007,Stapler,Office Supplies,North,Sikkim,Sirsa,7,10905,0,76335.0,8458.2,17127.6,Cash,Cancelled,"More, Parmer and Dey",vgola@balakrishnan-sarin.net,14,31,Yes,34
ORD1841,12-11-2023,15-11-2023,CUST1285,Aadi Varty,Home Office,PROD1008,File Folder,Office Supplies,South,Meghalaya,Madhyamgram,2,1640,15,2788.0,1112.22,563.56,Credit Card,Cancelled,Raval-Sani,bariaodika@sane.com,87,28,No,0
ORD1842,28-06-2024,05-07-2024,CUST1091,Aishani Dash,Consumer,PROD1012,Mouse,Electronics,South,Punjab,Maheshtala,8,6429,10,46288.8,4008.17,14223.44,Credit Card,Delivered,Buch and Sons,balizaitra@chada.info,76,29,No,0
ORD1843,28-12-2025,30-12-2025,CUST1108,Tristan Karan,Consumer,PROD1001,Study Table,Furniture,North,Assam,Bhilwara,9,4700,20,33840.0,3230.55,4765.05,Cash,Cancelled,Srivastava Ltd,viraj89@shan.net,94,28,No,0
ORD1844,11-04-2023,18-04-2023,CUST1244,Janya Bhattacharyya,Consumer,PROD1008,File Folder,Office Supplies,South,Uttar Pradesh,Allahabad,2,1640,20,2624.0,1112.22,399.56,Net Banking,Cancelled,Majumdar-Kala,ykhanna@anne-rama.net,87,28,No,0
ORD1845,23-09-2024,29-09-2024,CUST1059,Darika Purohit,Corporate,PROD1013,Headphones,Electronics,South,Chhattisgarh,Aizawl,7,5858,0,41006.0,3406.43,17160.99,Net Banking,Pending,Bal-Goel,banikgautam@kuruvilla.net,41,24,No,0
ORD1846,31-12-2024,01-01-2025,CUST1153,Sanya Sahni,Home Office,PROD1010,Laptop,Electronics,West,Bihar,Mango,5,6866,0,34330.0,3602.05,16319.75,Net Banking,Delivered,Bawa LLC,xpant@nadkarni.com,15,31,Yes,41
ORD1847,25-02-2025,02-03-2025,CUST1127,Girindra Khatri,Consumer,PROD1015,Rice Bag,Grocery,South,Gujarat,Chinsurah,9,11182,0,100638.0,8707.28,22272.48,UPI,Delivered,Mahal-Oza,omyabaral@rajagopal.com,15,28,Yes,49
ORD1848,28-04-2025,04-05-2025,CUST1274,Indira Gole,Home Office,PROD1013,Headphones,Electronics,East,Uttarakhand,Giridih,2,5858,20,9372.8,3406.43,2559.94,Net Banking,Pending,Bal-Goel,banikgautam@kuruvilla.net,41,24,No,0
ORD1849,10-04-2025,15-04-2025,CUST1062,Devansh Dara,Corporate,PROD1014,Monitor,Electronics,West,Sikkim,Durgapur,5,7430,5,35292.5,2466.9,22958.0,UPI,Delivered,Bal-Goel,banikgautam@kuruvilla.net,55,27,No,0
ORD1850,04-07-2024,08-07-2024,CUST1043,Shivani Deep,Corporate,PROD1008,File Folder,Office Supplies,West,Manipur,Firozabad,7,1640,5,10906.0,1112.22,3120.46,Credit Card,Delivered,"More, Parmer and Dey",vgola@balakrishnan-sarin.net,87,28,No,0
ORD1851,24-05-2025,25-05-2025,CUST1140,Vihaan Mallick,Corporate,PROD1001,Study Table,Furniture,North,Goa,Bhiwani,9,4700,15,35955.0,3230.55,6880.05,Net Banking,Pending,"Mistry, Sarkar and Madan",lataanmol@varughese-lanka.net,94,28,No,0
ORD1852,02-04-2023,09-04-2023,CUST1063,Faras Karpe,Consumer,PROD1016,Cooking Oil,Grocery,East,Goa,Haldia,9,4479,10,36279.9,2868.85,10460.25,Cash,Delivered,Gill Group,tanvi56@sangha-parsa.org,13,25,Yes,47
ORD1853,05-07-2025,07-07-2025,CUST1139,Wakeeta Date,Home Office,PROD1005,Pen,Office Supplies,West,Goa,Begusarai,7,5109,5,33974.85,1994.08,20016.29,Net Banking,Cancelled,Ben Ltd,gunbir50@kuruvilla.com,76,18,No,0
ORD1854,23-02-2024,29-02-2024,CUST1146,Aradhana Varma,Home Office,PROD1010,Laptop,Electronics,West,Manipur,Kolhapur,3,6866,5,19568.1,3602.05,8761.95,Credit Card,Pending,"Rajagopalan, Bains and Shere",mwalia@chhabra.net,15,31,Yes,41
ORD1855,10-12-2025,14-12-2025,CUST1075,Timothy Biswas,Consumer,PROD1003,Bookshelf,Furniture,North,Meghalaya,Darbhanga,3,12860,15,32793.0,8267.37,7990.89,Credit Card,Returned,Kulkarni Ltd,pallavi25@sarma-minhas.com,69,21,No,0
ORD1856,12-07-2023,14-07-2023,CUST1288,Zayyan Chaudry,Home Office,PROD1006,Notebook,Office Supplies,South,Kerala,Karaikudi,10,12362,20,98896.0,4997.68,48919.2,Net Banking,Returned,Raval-Sani,bariaodika@sane.com,100,24,No,0
ORD1857,10-05-2023,13-05-2023,CUST1205,Patrick Dasgupta,Corporate,PROD1003,Bookshelf,Furniture,West,Himachal Pradesh,Vijayawada,5,12860,0,64300.0,8267.37,22963.15,Credit Card,Returned,Khosla and Sons,bhagatcaleb@gaba-ravi.com,69,21,No,0
ORD1858,27-10-2023,30-10-2023,CUST1293,Samar Baria,Home Office,PROD1016,Cooking Oil,Grocery,West,Madhya Pradesh,Bokaro,7,4479,10,28217.7,2868.85,8135.75,Credit Card,Cancelled,"Amble, Bhargava and Rau",warindersharaf@ramanathan.com,13,25,Yes,47
ORD1859,27-03-2025,29-03-2025,CUST1031,Yochana Kunda,Home Office,PROD1003,Bookshelf,Furniture,South,Andhra Pradesh,Raebareli,9,12860,10,104166.0,8267.37,29759.67,Net Banking,Delivered,"Mistry, Sarkar and Madan",lataanmol@varughese-lanka.net,69,21,No,0
ORD1860,09-11-2023,15-11-2023,CUST1279,Gagan Raj,Consumer,PROD1005,Pen,Office Supplies,North,Uttar Pradesh,Tadipatri,8,5109,0,40872.0,1994.08,24919.36,UPI,Delivered,Swaminathan PLC,jaichopra@nadig-dube.net,76,18,No,0
ORD1861,16-05-2023,22-05-2023,CUST1105,Shravya Deshmukh,Corporate,PROD1010,Laptop,Electronics,South,Uttar Pradesh,Thoothukudi,1,6866,10,6179.4,3602.05,2577.35,Credit Card,Cancelled,Bal-Goel,banikgautam@kuruvilla.net,15,31,Yes,41
ORD1862,06-12-2023,07-12-2023,CUST1171,Ranveer Contractor,Corporate,PROD1012,Mouse,Electronics,West,Uttar Pradesh,Jammu,7,6429,0,45003.0,4008.17,16945.81,UPI,Returned,Bawa LLC,xpant@nadkarni.com,76,29,No,0
ORD1863,29-12-2025,30-12-2025,CUST1051,Neel Basu,Home Office,PROD1011,Keyboard,Electronics,North,Andhra Pradesh,Bulandshahr,3,4734,20,11361.6,2786.2,3003.0,UPI,Pending,Sethi-Natarajan,dinhredhaan@sodhi-mani.info,45,23,No,0
ORD1864,29-08-2024,31-08-2024,CUST1085,Yahvi Vyas,Corporate,PROD1003,Bookshelf,Furniture,East,West Bengal,Thane,2,12860,10,23148.0,8267.37,6613.26,Cash,Returned,Wali-Choudhry,gaurika24@banerjee.org,69,21,No,0
ORD1865,02-07-2025,08-07-2025,CUST1128,Baghyawati Barad,Home Office,PROD1015,Rice Bag,Grocery,North,Jharkhand,Tirupati,4,11182,5,42491.6,8707.28,7662.48,Net Banking,Pending,Gill Group,tanvi56@sangha-parsa.org,15,28,Yes,49
ORD1866,15-06-2023,17-06-2023,CUST1129,Vritti Deep,Home Office,PROD1007,Stapler,Office Supplies,East,Assam,Ichalkaranji,3,10905,0,32715.0,8458.2,7340.4,Credit Card,Returned,Swaminathan PLC,jaichopra@nadig-dube.net,14,31,Yes,34
ORD1867,07-08-2023,10-08-2023,CUST1291,Anthony Kanda,Home Office,PROD1015,Rice Bag,Grocery,West,Goa,Kochi,3,11182,0,33546.0,8707.28,7424.16,UPI,Cancelled,Gill Group,tanvi56@sangha-parsa.org,15,28,Yes,49
ORD1868,18-05-2024,23-05-2024,CUST1136,Nirja Ganguly,Corporate,PROD1006,Notebook,Office Supplies,North,Chhattisgarh,Chennai,7,12362,0,86534.0,4997.68,51550.24,Net Banking,Pending,"Bera, Dutta and Saraf",htata@sharaf-loyal.com,100,24,No,0
ORD1869,06-10-2025,12-10-2025,CUST1113,Jyoti Malhotra,Home Office,PROD1000,Office Chairs,Furniture,South,Tripura,Pondicherry,4,10918,15,37121.2,4093.13,20748.68,UPI,Pending,Wali-Choudhry,gaurika24@banerjee.org,11,32,Yes,50
ORD1870,08-07-2024,13-07-2024,CUST1198,Tristan Date,Home Office,PROD1011,Keyboard,Electronics,South,Tamil Nadu,Bilaspur,6,4734,10,25563.6,2786.2,8846.4,UPI,Delivered,Hari-Sehgal,harishrege@karpe.net,45,23,No,0
ORD1871,09-08-2023,12-08-2023,CUST1107,Januja Sodhi,Consumer,PROD1005,Pen,Office Supplies,West,Nagaland,Bettiah,9,5109,5,43681.95,1994.08,25735.23,UPI,Cancelled,"More, Parmer and Dey",vgola@balakrishnan-sarin.net,76,18,No,0
ORD1872,16-09-2025,18-09-2025,CUST1055,Bhavani Kapur,Home Office,PROD1011,Keyboard,Electronics,West,Sikkim,South Dumdum,8,4734,5,35978.4,2786.2,13688.8,UPI,Pending,Buch and Sons,balizaitra@chada.info,45,23,No,0
ORD1873,10-12-2023,15-12-2023,CUST1096,Baghyawati Mutti,Home Office,PROD1000,Office Chairs,Furniture,North,Sikkim,Sirsa,8,10918,20,69875.2,4093.13,37130.16,UPI,Pending,Arya-Malhotra,jeremiah96@de.com,11,32,Yes,50
ORD1874,30-12-2025,31-12-2025,CUST1161,Mitesh Jaggi,Corporate,PROD1006,Notebook,Office Supplies,South,Bihar,Barasat,10,12362,10,111258.0,4997.68,61281.2,UPI,Pending,Raval-Sani,bariaodika@sane.com,100,24,No,0
ORD1875,10-03-2025,17-03-2025,CUST1238,Ikshita Sandal,Home Office,PROD1010,Laptop,Electronics,West,Tripura,Agra,3,6866,20,16478.4,3602.05,5672.25,Cash,Returned,Sethi-Natarajan,dinhredhaan@sodhi-mani.info,15,31,Yes,41
ORD1876,10-09-2025,13-09-2025,CUST1203,Wazir Chokshi,Corporate,PROD1009,Calculator,Office Supplies,West,Odisha,Hosur,5,14475,20,57900.0,10128.45,7257.75,Credit Card,Pending,Ben Ltd,gunbir50@kuruvilla.com,81,19,No,0
ORD1877,18-09-2025,24-09-2025,CUST1158,Warda Dash,Home Office,PROD1015,Rice Bag,Grocery,West,Uttarakhand,Hajipur,7,11182,5,74360.3,8707.28,13409.34,Cash,Delivered,Dube-Mander,vchoudhry@dhar.com,15,28,Yes,49
ORD1878,03-09-2025,08-09-2025,CUST1067,Avni Comar,Consumer,PROD1015,Rice Bag,Grocery,West,Kerala,Munger,7,11182,0,78274.0,8707.28,17323.04,UPI,Returned,Gill Group,tanvi56@sangha-parsa.org,15,28,Yes,49
ORD1879,20-06-2024,26-06-2024,CUST1050,Ekaraj Rau,Corporate,PROD1008,File Folder,Office Supplies,South,Assam,Ghaziabad,4,1640,5,6232.0,1112.22,1783.12,Net Banking,Pending,Swaminathan PLC,jaichopra@nadig-dube.net,87,28,No,0
ORD1880,11-08-2025,13-08-2025,CUST1148,Megha Sangha,Consumer,PROD1012,Mouse,Electronics,West,Gujarat,Muzaffarnagar,9,6429,15,49181.85,4008.17,13108.32,UPI,Delivered,"Rajagopalan, Bains and Shere",mwalia@chhabra.net,76,29,No,0
ORD1881,28-01-2025,01-02-2025,CUST1124,Bhavini Tak,Corporate,PROD1006,Notebook,Office Supplies,East,Tripura,Durg,10,12362,15,105077.0,4997.68,55100.2,Net Banking,Cancelled,Majumdar-Kala,ykhanna@anne-rama.net,100,24,No,0
ORD1882,22-09-2024,24-09-2024,CUST1210,Aahana Kaur,Consumer,PROD1006,Notebook,Office Supplies,West,Mizoram,Karnal,2,12362,0,24724.0,4997.68,14728.64,UPI,Returned,Swaminathan PLC,jaichopra@nadig-dube.net,100,24,No,0
ORD1883,20-06-2023,24-06-2023,CUST1263,Sara Pillay,Corporate,PROD1014,Monitor,Electronics,North,Manipur,Ratlam,10,7430,0,74300.0,2466.9,49631.0,UPI,Cancelled,Bal-Goel,banikgautam@kuruvilla.net,55,27,No,0
ORD1884,05-01-2025,11-01-2025,CUST1215,Pahal Chowdhury,Home Office,PROD1009,Calculator,Office Supplies,East,Maharashtra,Karawal Nagar,6,14475,10,78165.0,10128.45,17394.3,UPI,Delivered,Swaminathan PLC,jaichopra@nadig-dube.net,81,19,No,0
ORD1885,25-11-2023,02-12-2023,CUST1202,Vihaan Mannan,Corporate,PROD1000,Office Chairs,Furniture,South,Gujarat,Chittoor,5,10918,15,46401.5,4093.13,25935.85,Net Banking,Pending,Kulkarni Ltd,pallavi25@sarma-minhas.com,11,32,Yes,50
ORD1886,13-10-2025,19-10-2025,CUST1057,Wyatt Prasad,Consumer,PROD1010,Laptop,Electronics,East,Gujarat,Kolhapur,4,6866,10,24717.6,3602.05,10309.4,Credit Card,Delivered,Bawa LLC,xpant@nadkarni.com,15,31,Yes,41
ORD1887,28-03-2024,29-03-2024,CUST1095,Netra Chand,Consumer,PROD1000,Office Chairs,Furniture,North,Chhattisgarh,Hyderabad,10,10918,15,92803.0,4093.13,51871.7,Credit Card,Returned,Kulkarni Ltd,pallavi25@sarma-minhas.com,11,32,Yes,50
ORD1888,21-10-2024,23-10-2024,CUST1011,Max Manne,Home Office,PROD1014,Monitor,Electronics,West,Uttar Pradesh,Kolkata,4,7430,20,23776.0,2466.9,13908.4,UPI,Delivered,"Rajagopalan, Bains and Shere",mwalia@chhabra.net,55,27,No,0
ORD1889,08-09-2025,15-09-2025,CUST1194,Gopal Subramanian,Home Office,PROD1007,Stapler,Office Supplies,East,Assam,Sambhal,4,10905,20,34896.0,8458.2,1063.2,UPI,Pending,Swaminathan PLC,jaichopra@nadig-dube.net,14,31,Yes,34
ORD1890,03-03-2025,06-03-2025,CUST1269,Nathan Raja,Home Office,PROD1007,Stapler,Office Supplies,East,Odisha,Satara,2,10905,20,17448.0,8458.2,531.6,Cash,Cancelled,"More, Parmer and Dey",vgola@balakrishnan-sarin.net,14,31,Yes,34
ORD1891,13-05-2025,18-05-2025,CUST1138,Aishani Loke,Consumer,PROD1002,Sofa,Furniture,North,Sikkim,Ratlam,4,10208,15,34707.2,6313.28,9454.08,Net Banking,Pending,Arya-Malhotra,jeremiah96@de.com,86,19,No,0
ORD1892,06-03-2024,10-03-2024,CUST1206,Ekapad Vala,Corporate,PROD1002,Sofa,Furniture,East,Maharashtra,Raiganj,3,10208,10,27561.6,6313.28,8621.76,Credit Card,Cancelled,"Bhargava, Oommen and Sethi",khannanirja@gopal.info,86,19,No,0
ORD1893,02-05-2024,07-05-2024,CUST1265,Omya Narasimhan,Consumer,PROD1010,Laptop,Electronics,East,Punjab,Ahmedabad,10,6866,10,61794.0,3602.05,25773.5,UPI,Delivered,Bawa LLC,xpant@nadkarni.com,15,31,Yes,41
ORD1894,10-08-2023,11-08-2023,CUST1268,Dakshesh Rastogi,Home Office,PROD1014,Monitor,Electronics,North,Arunachal Pradesh,Vijayanagaram,9,7430,15,56839.5,2466.9,34637.4,Credit Card,Cancelled,Bawa LLC,xpant@nadkarni.com,55,27,No,0
ORD1895,20-11-2025,21-11-2025,CUST1061,Xavier Dewan,Corporate,PROD1007,Stapler,Office Supplies,East,West Bengal,Sonipat,4,10905,15,37077.0,8458.2,3244.2,Cash,Pending,"More, Parmer and Dey",vgola@balakrishnan-sarin.net,14,31,Yes,34
ORD1896,13-09-2023,16-09-2023,CUST1297,Arjun Murthy,Corporate,PROD1006,Notebook,Office Supplies,West,Nagaland,Junagadh,6,12362,10,66754.8,4997.68,36768.72,Credit Card,Delivered,"More, Parmer and Dey",vgola@balakrishnan-sarin.net,100,24,No,0
ORD1897,21-08-2023,23-08-2023,CUST1016,Liam Dua,Home Office,PROD1015,Rice Bag,Grocery,North,Goa,Shahjahanpur,7,11182,20,62619.2,8707.28,1668.24,Cash,Delivered,Mann LLC,gilljhalak@dhaliwal.com,15,28,Yes,49
ORD1898,18-08-2025,19-08-2025,CUST1139,Wakeeta Date,Home Office,PROD1003,Bookshelf,Furniture,South,Goa,Begusarai,9,12860,20,92592.0,8267.37,18185.67,Net Banking,Cancelled,Srivastava Ltd,viraj89@shan.net,69,21,No,0
ORD1899,17-11-2023,23-11-2023,CUST1033,Reva Ahluwalia,Consumer,PROD1009,Calculator,Office Supplies,West,Punjab,Kulti,2,14475,15,24607.5,10128.45,4350.6,Net Banking,Delivered,"More, Parmer and Dey",vgola@balakrishnan-sarin.net,81,19,No,0
ORD1900,08-11-2023,13-11-2023,CUST1228,Nikita Deshmukh,Consumer,PROD1003,Bookshelf,Furniture,East,Maharashtra,Kolkata,4,12860,5,48868.0,8267.37,15798.52,UPI,Returned,Srivastava Ltd,viraj89@shan.net,69,21,No,0
ORD1901,18-02-2023,23-02-2023,CUST1069,Harita Lalla,Home Office,PROD1005,Pen,Office Supplies,South,Jharkhand,Shivpuri,9,5109,15,39083.85,1994.08,21137.13,Cash,Delivered,Majumdar-Kala,ykhanna@anne-rama.net,76,18,No,0
ORD1902,04-06-2023,08-06-2023,CUST1163,Advika Loyal,Home Office,PROD1011,Keyboard,Electronics,West,Madhya Pradesh,Sambhal,7,4734,0,33138.0,2786.2,13634.6,Net Banking,Delivered,Bawa LLC,xpant@nadkarni.com,45,23,No,0
ORD1903,03-09-2025,10-09-2025,CUST1068,Eiravati Bali,Home Office,PROD1004,Dining Table,Furniture,East,Rajasthan,South Dumdum,6,13253,20,63614.4,4559.47,36257.58,Net Banking,Returned,"Mistry, Sarkar and Madan",lataanmol@varughese-lanka.net,53,23,No,0
ORD1904,11-08-2023,12-08-2023,CUST1268,Dakshesh Rastogi,Home Office,PROD1016,Cooking Oil,Grocery,East,Arunachal Pradesh,Vijayanagaram,6,4479,5,25530.3,2868.85,8317.2,Cash,Cancelled,Gill Group,tanvi56@sangha-parsa.org,13,25,Yes,47
ORD1905,20-02-2024,23-02-2024,CUST1210,Aahana Kaur,Consumer,PROD1013,Headphones,Electronics,West,Mizoram,Karnal,9,5858,5,50085.9,3406.43,19428.03,UPI,Pending,Bawa LLC,xpant@nadkarni.com,41,24,No,0
ORD1906,27-12-2023,28-12-2023,CUST1107,Januja Sodhi,Consumer,PROD1000,Office Chairs,Furniture,East,Nagaland,Bettiah,1,10918,20,8734.4,4093.13,4641.27,Cash,Cancelled,Kulkarni Ltd,pallavi25@sarma-minhas.com,11,32,Yes,50
ORD1907,02-11-2023,05-11-2023,CUST1067,Avni Comar,Consumer,PROD1011,Keyboard,Electronics,East,Kerala,Munger,3,4734,10,12781.8,2786.2,4423.2,Cash,Pending,"Rajagopalan, Bains and Shere",mwalia@chhabra.net,45,23,No,0
ORD1908,13-10-2023,14-10-2023,CUST1014,Jagat Sura,Corporate,PROD1010,Laptop,Electronics,East,Meghalaya,Bulandshahr,7,6866,15,40852.7,3602.05,15638.35,Credit Card,Pending,Sethi-Natarajan,dinhredhaan@sodhi-mani.info,15,31,Yes,41
ORD1909,16-05-2025,19-05-2025,CUST1068,Eiravati Bali,Home Office,PROD1009,Calculator,Office Supplies,North,Rajasthan,South Dumdum,3,14475,10,39082.5,10128.45,8697.15,Credit Card,Delivered,Majumdar-Kala,ykhanna@anne-rama.net,81,19,No,0
ORD1910,23-07-2025,27-07-2025,CUST1143,Gaurangi Bava,Corporate,PROD1010,Laptop,Electronics,South,Chhattisgarh,Thiruvananthapuram,3,6866,5,19568.1,3602.05,8761.95,Credit Card,Cancelled,Sethi-Natarajan,dinhredhaan@sodhi-mani.info,15,31,Yes,41
ORD1911,11-02-2023,12-02-2023,CUST1091,Aishani Dash,Consumer,PROD1002,Sofa,Furniture,West,Punjab,Maheshtala,2,10208,10,18374.4,6313.28,5747.84,Net Banking,Pending,Kulkarni Ltd,pallavi25@sarma-minhas.com,86,19,No,0
ORD1912,09-02-2024,13-02-2024,CUST1088,Shivansh Balasubramanian,Corporate,PROD1007,Stapler,Office Supplies,South,Madhya Pradesh,Muzaffarnagar,5,10905,15,46346.25,8458.2,4055.25,Credit Card,Delivered,"More, Parmer and Dey",vgola@balakrishnan-sarin.net,14,31,Yes,34
ORD1913,14-06-2023,21-06-2023,CUST1080,Janya Taneja,Home Office,PROD1003,Bookshelf,Furniture,North,Bihar,Nellore,2,12860,5,24434.0,8267.37,7899.26,Net Banking,Returned,Srivastava Ltd,viraj89@shan.net,69,21,No,0
ORD1914,29-11-2025,01-12-2025,CUST1027,Meera Dada,Home Office,PROD1016,Cooking Oil,Grocery,West,Rajasthan,Nagercoil,7,4479,10,28217.7,2868.85,8135.75,Credit Card,Cancelled,"Amble, Bhargava and Rau",warindersharaf@ramanathan.com,13,25,Yes,47
ORD1915,20-01-2024,27-01-2024,CUST1036,Aarini Nazareth,Home Office,PROD1007,Stapler,Office Supplies,East,Arunachal Pradesh,Kishanganj,10,10905,15,92692.5,8458.2,8110.5,UPI,Pending,"Bera, Dutta and Saraf",htata@sharaf-loyal.com,14,31,Yes,34
ORD1916,09-06-2025,10-06-2025,CUST1149,Tejas Chaudhuri,Consumer,PROD1013,Headphones,Electronics,East,Jharkhand,Raipur,3,5858,15,14937.9,3406.43,4718.61,Cash,Pending,Bal-Goel,banikgautam@kuruvilla.net,41,24,No,0
ORD1917,10-02-2025,12-02-2025,CUST1195,Chandani Kadakia,Corporate,PROD1005,Pen,Office Supplies,South,Uttar Pradesh,Dehradun,9,5109,20,36784.8,1994.08,18838.08,Net Banking,Cancelled,Raval-Sani,bariaodika@sane.com,76,18,No,0
ORD1918,13-03-2024,14-03-2024,CUST1237,Jonathan Modi,Corporate,PROD1008,File Folder,Office Supplies,East,Tripura,Bhubaneswar,5,1640,20,6560.0,1112.22,998.9,Credit Card,Pending,"More, Parmer and Dey",vgola@balakrishnan-sarin.net,87,28,No,0
ORD1919,13-03-2024,15-03-2024,CUST1099,Champak Chander,Corporate,PROD1002,Sofa,Furniture,East,Jharkhand,Kadapa,8,10208,0,81664.0,6313.28,31157.76,Cash,Pending,Arya-Malhotra,jeremiah96@de.com,86,19,No,0
ORD1920,01-11-2024,03-11-2024,CUST1053,Radhika Muni,Home Office,PROD1007,Stapler,Office Supplies,North,Arunachal Pradesh,Bhiwani,8,10905,15,74154.0,8458.2,6488.4,Net Banking,Returned,"More, Parmer and Dey",vgola@balakrishnan-sarin.net,14,31,Yes,34
ORD1921,21-11-2024,28-11-2024,CUST1125,Kamala Uppal,Corporate,PROD1013,Headphones,Electronics,North,Tamil Nadu,Jamalpur,7,5858,0,41006.0,3406.43,17160.99,Cash,Returned,Sethi-Natarajan,dinhredhaan@sodhi-mani.info,41,24,No,0
ORD1922,24-08-2023,30-08-2023,CUST1040,Dalaja Prasad,Home Office,PROD1008,File Folder,Office Supplies,West,Uttar Pradesh,Bhimavaram,1,1640,20,1312.0,1112.22,199.78,Cash,Pending,"Bera, Dutta and Saraf",htata@sharaf-loyal.com,87,28,No,0
ORD1923,07-03-2023,10-03-2023,CUST1152,Zehaan Ray,Corporate,PROD1016,Cooking Oil,Grocery,West,Gujarat,Sambhal,2,4479,5,8510.1,2868.85,2772.4,Cash,Returned,Gill Group,tanvi56@sangha-parsa.org,13,25,Yes,47
ORD1924,13-06-2025,19-06-2025,CUST1269,Nathan Raja,Home Office,PROD1016,Cooking Oil,Grocery,North,Odisha,Satara,2,4479,10,8062.2,2868.85,2324.5,Cash,Delivered,Mann LLC,gilljhalak@dhaliwal.com,13,25,Yes,47
ORD1925,23-11-2025,24-11-2025,CUST1062,Devansh Dara,Corporate,PROD1008,File Folder,Office Supplies,East,Sikkim,Durgapur,6,1640,10,8856.0,1112.22,2182.68,UPI,Pending,Raval-Sani,bariaodika@sane.com,87,28,No,0
ORD1926,08-12-2024,10-12-2024,CUST1215,Pahal Chowdhury,Home Office,PROD1016,Cooking Oil,Grocery,South,Maharashtra,Karawal Nagar,6,4479,20,21499.2,2868.85,4286.1,UPI,Returned,Mann LLC,gilljhalak@dhaliwal.com,13,25,Yes,47
ORD1927,13-12-2025,15-12-2025,CUST1063,Faras Karpe,Consumer,PROD1006,Notebook,Office Supplies,West,Goa,Haldia,5,12362,5,58719.5,4997.68,33731.1,Credit Card,Delivered,"More, Parmer and Dey",vgola@balakrishnan-sarin.net,100,24,No,0
ORD1928,20-04-2023,23-04-2023,CUST1112,Gunbir Ray,Corporate,PROD1001,Study Table,Furniture,South,Meghalaya,Hubli–Dharwad,1,4700,15,3995.0,3230.55,764.45,Credit Card,Delivered,Khosla and Sons,bhagatcaleb@gaba-ravi.com,94,28,No,0
ORD1929,29-01-2025,31-01-2025,CUST1093,Jai Patla,Corporate,PROD1003,Bookshelf,Furniture,West,Arunachal Pradesh,Katni,8,12860,0,102880.0,8267.37,36741.04,Credit Card,Returned,"Bhargava, Oommen and Sethi",khannanirja@gopal.info,69,21,No,0
ORD1930,18-02-2024,24-02-2024,CUST1108,Tristan Karan,Consumer,PROD1010,Laptop,Electronics,West,Assam,Bhilwara,3,6866,15,17508.3,3602.05,6702.15,Net Banking,Returned,Buch and Sons,balizaitra@chada.info,15,31,Yes,41
ORD1931,25-04-2025,02-05-2025,CUST1098,Ubika Gole,Corporate,PROD1003,Bookshelf,Furniture,West,Maharashtra,Sagar,8,12860,15,87448.0,8267.37,21309.04,Credit Card,Cancelled,"Bhargava, Oommen and Sethi",khannanirja@gopal.info,69,21,No,0
ORD1932,03-08-2023,10-08-2023,CUST1169,Samaksh Bhandari,Corporate,PROD1002,Sofa,Furniture,West,Nagaland,Pune,8,10208,10,73497.6,6313.28,22991.36,UPI,Pending,Arya-Malhotra,jeremiah96@de.com,86,19,No,0
ORD1933,10-07-2025,11-07-2025,CUST1162,Sanya Nadkarni,Home Office,PROD1005,Pen,Office Supplies,North,Haryana,Gurgaon,8,5109,15,34741.2,1994.08,18788.56,Cash,Cancelled,Swaminathan PLC,jaichopra@nadig-dube.net,76,18,No,0
ORD1934,13-10-2023,15-10-2023,CUST1254,Azad Jha,Consumer,PROD1007,Stapler,Office Supplies,West,Uttar Pradesh,Tiruchirappalli,5,10905,0,54525.0,8458.2,12234.0,Net Banking,Cancelled,Raval-Sani,bariaodika@sane.com,14,31,Yes,34
ORD1935,01-03-2023,06-03-2023,CUST1136,Nirja Ganguly,Corporate,PROD1005,Pen,Office Supplies,East,Chhattisgarh,Chennai,9,5109,20,36784.8,1994.08,18838.08,Net Banking,Cancelled,Swaminathan PLC,jaichopra@nadig-dube.net,76,18,No,0
ORD1936,17-12-2023,19-12-2023,CUST1019,Irya Chokshi,Corporate,PROD1001,Study Table,Furniture,West,Chhattisgarh,Bathinda,1,4700,5,4465.0,3230.55,1234.45,Cash,Pending,"Mistry, Sarkar and Madan",lataanmol@varughese-lanka.net,94,28,No,0
ORD1937,19-10-2024,26-10-2024,CUST1284,Waida Kapoor,Consumer,PROD1015,Rice Bag,Grocery,West,Tripura,Raiganj,10,11182,0,111820.0,8707.28,24747.2,UPI,Returned,"Vig, Purohit and Saraf",lnarula@edwin-dalal.com,15,28,Yes,49
ORD1938,07-08-2025,13-08-2025,CUST1264,Eesha Chowdhury,Home Office,PROD1011,Keyboard,Electronics,South,Karnataka,Ambattur,10,4734,5,44973.0,2786.2,17111.0,Cash,Returned,Hari-Sehgal,harishrege@karpe.net,45,23,No,0
ORD1939,31-01-2025,06-02-2025,CUST1009,Varsha Wali,Consumer,PROD1010,Laptop,Electronics,North,Kerala,Bhimavaram,7,6866,20,38449.6,3602.05,13235.25,Net Banking,Delivered,Sethi-Natarajan,dinhredhaan@sodhi-mani.info,15,31,Yes,41
ORD1940,08-10-2024,11-10-2024,CUST1173,Krish Kumar,Corporate,PROD1010,Laptop,Electronics,West,Odisha,Chennai,8,6866,5,52181.6,3602.05,23365.2,UPI,Returned,Bawa LLC,xpant@nadkarni.com,15,31,Yes,41
ORD1941,25-11-2025,29-11-2025,CUST1265,Omya Narasimhan,Consumer,PROD1016,Cooking Oil,Grocery,South,Punjab,Ahmedabad,10,4479,10,40311.0,2868.85,11622.5,Net Banking,Delivered,Dube-Mander,vchoudhry@dhar.com,13,25,Yes,47
ORD1942,01-04-2024,06-04-2024,CUST1048,Ikshita Narula,Corporate,PROD1003,Bookshelf,Furniture,West,Nagaland,Jalgaon,6,12860,10,69444.0,8267.37,19839.78,Cash,Returned,Kulkarni Ltd,pallavi25@sarma-minhas.com,69,21,No,0
ORD1943,08-10-2024,11-10-2024,CUST1183,Vyanjana Chana,Consumer,PROD1002,Sofa,Furniture,East,Arunachal Pradesh,Faridabad,8,10208,15,69414.4,6313.28,18908.16,Cash,Pending,"Mistry, Sarkar and Madan",lataanmol@varughese-lanka.net,86,19,No,0
ORD1944,30-07-2025,01-08-2025,CUST1152,Zehaan Ray,Corporate,PROD1016,Cooking Oil,Grocery,South,Gujarat,Sambhal,6,4479,0,26874.0,2868.85,9660.9,Net Banking,Returned,Dube-Mander,vchoudhry@dhar.com,13,25,Yes,47
ORD1945,12-12-2024,19-12-2024,CUST1237,Jonathan Modi,Corporate,PROD1000,Office Chairs,Furniture,South,Tripura,Bhubaneswar,6,10918,20,52406.4,4093.13,27847.62,Cash,Delivered,Arya-Malhotra,jeremiah96@de.com,11,32,Yes,50
ORD1946,25-05-2025,26-05-2025,CUST1084,Manan Mall,Consumer,PROD1013,Headphones,Electronics,West,Maharashtra,Amroha,2,5858,15,9958.6,3406.43,3145.74,Credit Card,Cancelled,Bawa LLC,xpant@nadkarni.com,41,24,No,0
ORD1947,29-11-2023,04-12-2023,CUST1201,Owen Pandey,Home Office,PROD1015,Rice Bag,Grocery,North,Arunachal Pradesh,Anand,2,11182,0,22364.0,8707.28,4949.44,Cash,Cancelled,Dube-Mander,vchoudhry@dhar.com,15,28,Yes,49
ORD1948,04-06-2024,06-06-2024,CUST1261,Janani Sama,Corporate,PROD1007,Stapler,Office Supplies,East,Chhattisgarh,Warangal,2,10905,10,19629.0,8458.2,2712.6,UPI,Delivered,Ben Ltd,gunbir50@kuruvilla.com,14,31,Yes,34
ORD1949,22-05-2024,24-05-2024,CUST1058,Ranbir Kar,Corporate,PROD1007,Stapler,Office Supplies,West,Assam,Vasai-Virar,4,10905,15,37077.0,8458.2,3244.2,Net Banking,Pending,Majumdar-Kala,ykhanna@anne-rama.net,14,31,Yes,34
ORD1950,23-01-2024,30-01-2024,CUST1224,Rajeshri Chawla,Corporate,PROD1005,Pen,Office Supplies,North,Manipur,Miryalaguda,10,5109,20,40872.0,1994.08,20931.2,Credit Card,Delivered,Raval-Sani,bariaodika@sane.com,76,18,No,0
ORD1951,07-11-2025,10-11-2025,CUST1090,Jagat Golla,Consumer,PROD1004,Dining Table,Furniture,West,Telangana,Jaipur,1,13253,5,12590.35,4559.47,8030.88,Credit Card,Cancelled,Arya-Malhotra,jeremiah96@de.com,53,23,No,0
ORD1952,25-09-2023,27-09-2023,CUST1097,Samar Oza,Home Office,PROD1008,File Folder,Office Supplies,North,Meghalaya,Vadodara,8,1640,15,11152.0,1112.22,2254.24,Credit Card,Cancelled,"Bera, Dutta and Saraf",htata@sharaf-loyal.com,87,28,No,0
ORD1953,29-08-2023,02-09-2023,CUST1026,Zaitra Mitra,Home Office,PROD1002,Sofa,Furniture,West,West Bengal,Coimbatore,3,10208,10,27561.6,6313.28,8621.76,Credit Card,Cancelled,Kulkarni Ltd,pallavi25@sarma-minhas.com,86,19,No,0
ORD1954,12-09-2023,14-09-2023,CUST1296,Qadim Sen,Corporate,PROD1005,Pen,Office Supplies,West,Punjab,Srinagar,7,5109,15,30398.55,1994.08,16439.99,Credit Card,Pending,Raval-Sani,bariaodika@sane.com,76,18,No,0
ORD1955,12-04-2025,19-04-2025,CUST1000,Kai Ahluwalia,Consumer,PROD1004,Dining Table,Furniture,East,Himachal Pradesh,Serampore,10,13253,5,125903.5,4559.47,80308.8,Credit Card,Pending,Khosla and Sons,bhagatcaleb@gaba-ravi.com,53,23,No,0
ORD1956,01-07-2023,04-07-2023,CUST1072,Caleb Bath,Home Office,PROD1009,Calculator,Office Supplies,North,Himachal Pradesh,Aligarh,4,14475,20,46320.0,10128.45,5806.2,Credit Card,Returned,Ben Ltd,gunbir50@kuruvilla.com,81,19,No,0
ORD1957,24-06-2025,01-07-2025,CUST1075,Timothy Biswas,Consumer,PROD1006,Notebook,Office Supplies,East,Meghalaya,Darbhanga,7,12362,15,73553.9,4997.68,38570.14,UPI,Cancelled,Swaminathan PLC,jaichopra@nadig-dube.net,100,24,No,0
ORD1958,15-06-2025,21-06-2025,CUST1016,Liam Dua,Home Office,PROD1016,Cooking Oil,Grocery,South,Goa,Shahjahanpur,5,4479,15,19035.75,2868.85,4691.5,Cash,Pending,"Amble, Bhargava and Rau",warindersharaf@ramanathan.com,13,25,Yes,47
ORD1959,20-01-2024,23-01-2024,CUST1264,Eesha Chowdhury,Home Office,PROD1009,Calculator,Office Supplies,West,Karnataka,Ambattur,4,14475,0,57900.0,10128.45,17386.2,Net Banking,Cancelled,"More, Parmer and Dey",vgola@balakrishnan-sarin.net,81,19,No,0
ORD1960,27-05-2023,29-05-2023,CUST1086,Ekalinga Bhargava,Home Office,PROD1016,Cooking Oil,Grocery,South,Uttarakhand,Kottayam,6,4479,0,26874.0,2868.85,9660.9,Credit Card,Returned,"Amble, Bhargava and Rau",warindersharaf@ramanathan.com,13,25,Yes,47
ORD1961,28-06-2023,02-07-2023,CUST1012,Thomas Amble,Consumer,PROD1009,Calculator,Office Supplies,South,Maharashtra,Mysore,2,14475,20,23160.0,10128.45,2903.1,Net Banking,Pending,Raval-Sani,bariaodika@sane.com,81,19,No,0
ORD1962,26-10-2025,28-10-2025,CUST1133,Wazir Andra,Home Office,PROD1013,Headphones,Electronics,West,Mizoram,Hazaribagh,5,5858,5,27825.5,3406.43,10793.35,Cash,Returned,Sethi-Natarajan,dinhredhaan@sodhi-mani.info,41,24,No,0
ORD1963,15-10-2023,17-10-2023,CUST1214,Advik Dugar,Consumer,PROD1001,Study Table,Furniture,West,Punjab,Pallavaram,9,4700,10,38070.0,3230.55,8995.05,UPI,Delivered,Khosla and Sons,bhagatcaleb@gaba-ravi.com,94,28,No,0
ORD1964,26-05-2023,30-05-2023,CUST1085,Yahvi Vyas,Corporate,PROD1013,Headphones,Electronics,West,West Bengal,Thane,3,5858,20,14059.2,3406.43,3839.91,Net Banking,Cancelled,Bal-Goel,banikgautam@kuruvilla.net,41,24,No,0
ORD1965,21-05-2025,26-05-2025,CUST1225,Vivaan Nagar,Corporate,PROD1016,Cooking Oil,Grocery,West,Maharashtra,Jorhat,9,4479,0,40311.0,2868.85,14491.35,Credit Card,Pending,Dube-Mander,vchoudhry@dhar.com,13,25,Yes,47
ORD1966,10-07-2025,11-07-2025,CUST1162,Sanya Nadkarni,Home Office,PROD1014,Monitor,Electronics,North,Haryana,Gurgaon,7,7430,10,46809.0,2466.9,29540.7,Cash,Cancelled,Bal-Goel,banikgautam@kuruvilla.net,55,27,No,0
ORD1967,03-03-2025,04-03-2025,CUST1074,Logan Konda,Home Office,PROD1004,Dining Table,Furniture,North,Bihar,Siliguri,2,13253,5,25180.7,4559.47,16061.76,Credit Card,Delivered,Arya-Malhotra,jeremiah96@de.com,53,23,No,0
ORD1968,27-02-2024,03-03-2024,CUST1213,Kavya Nath,Home Office,PROD1016,Cooking Oil,Grocery,North,Odisha,Sambhal,7,4479,15,26650.05,2868.85,6568.1,Cash,Returned,"Vig, Purohit and Saraf",lnarula@edwin-dalal.com,13,25,Yes,47
ORD1969,22-03-2025,26-03-2025,CUST1058,Ranbir Kar,Corporate,PROD1009,Calculator,Office Supplies,North,Assam,Vasai-Virar,2,14475,5,27502.5,10128.45,7245.6,Net Banking,Delivered,Swaminathan PLC,jaichopra@nadig-dube.net,81,19,No,0
ORD1970,03-11-2023,06-11-2023,CUST1252,Manya Kari,Consumer,PROD1016,Cooking Oil,Grocery,South,Kerala,Vijayawada,4,4479,5,17020.2,2868.85,5544.8,UPI,Pending,Gill Group,tanvi56@sangha-parsa.org,13,25,Yes,47
ORD1971,03-12-2024,07-12-2024,CUST1229,Aayush Parikh,Consumer,PROD1015,Rice Bag,Grocery,East,Karnataka,Indore,2,11182,15,19009.4,8707.28,1594.84,Cash,Pending,"Vig, Purohit and Saraf",lnarula@edwin-dalal.com,15,28,Yes,49
ORD1972,14-02-2023,19-02-2023,CUST1085,Yahvi Vyas,Corporate,PROD1012,Mouse,Electronics,East,West Bengal,Thane,3,6429,15,16393.95,4008.17,4369.44,Credit Card,Returned,"Rajagopalan, Bains and Shere",mwalia@chhabra.net,76,29,No,0
ORD1973,03-10-2023,08-10-2023,CUST1212,David Gara,Corporate,PROD1015,Rice Bag,Grocery,North,Goa,Hindupur,7,11182,0,78274.0,8707.28,17323.04,Cash,Returned,Gill Group,tanvi56@sangha-parsa.org,15,28,Yes,49
ORD1974,24-11-2024,29-11-2024,CUST1034,Zansi Goel,Consumer,PROD1015,Rice Bag,Grocery,East,West Bengal,Gandhidham,1,11182,10,10063.8,8707.28,1356.52,Net Banking,Delivered,Gill Group,tanvi56@sangha-parsa.org,15,28,Yes,49
ORD1975,23-12-2024,24-12-2024,CUST1113,Jyoti Malhotra,Home Office,PROD1016,Cooking Oil,Grocery,North,Tripura,Pondicherry,2,4479,20,7166.4,2868.85,1428.7,Net Banking,Delivered,Gill Group,tanvi56@sangha-parsa.org,13,25,Yes,47
ORD1976,18-02-2024,22-02-2024,CUST1131,Andrew Kala,Home Office,PROD1016,Cooking Oil,Grocery,East,Gujarat,Kadapa,4,4479,20,14332.8,2868.85,2857.4,Cash,Pending,Mahal-Oza,omyabaral@rajagopal.com,13,25,Yes,47
ORD1977,02-06-2025,06-06-2025,CUST1196,Indrajit Chopra,Consumer,PROD1000,Office Chairs,Furniture,South,Uttar Pradesh,Bhiwandi,10,10918,10,98262.0,4093.13,57330.7,Cash,Returned,"Bhargava, Oommen and Sethi",khannanirja@gopal.info,11,32,Yes,50
ORD1978,01-04-2024,02-04-2024,CUST1153,Sanya Sahni,Home Office,PROD1006,Notebook,Office Supplies,North,Bihar,Mango,3,12362,15,31523.1,4997.68,16530.06,Net Banking,Pending,Raval-Sani,bariaodika@sane.com,100,24,No,0
ORD1979,22-04-2023,24-04-2023,CUST1043,Shivani Deep,Corporate,PROD1013,Headphones,Electronics,North,Manipur,Firozabad,8,5858,5,44520.8,3406.43,17269.36,Cash,Delivered,"Rajagopalan, Bains and Shere",mwalia@chhabra.net,41,24,No,0
ORD1980,28-02-2023,05-03-2023,CUST1106,Anay Sandhu,Consumer,PROD1005,Pen,Office Supplies,South,Meghalaya,Bhind,3,5109,20,12261.6,1994.08,6279.36,Credit Card,Returned,"Bera, Dutta and Saraf",htata@sharaf-loyal.com,76,18,No,0
ORD1981,13-03-2023,15-03-2023,CUST1148,Megha Sangha,Consumer,PROD1003,Bookshelf,Furniture,North,Gujarat,Muzaffarnagar,3,12860,5,36651.0,8267.37,11848.89,Net Banking,Pending,Khosla and Sons,bhagatcaleb@gaba-ravi.com,69,21,No,0
ORD1982,14-10-2025,15-10-2025,CUST1103,Kritika Balasubramanian,Corporate,PROD1002,Sofa,Furniture,West,Chhattisgarh,Arrah,8,10208,15,69414.4,6313.28,18908.16,UPI,Delivered,Wali-Choudhry,gaurika24@banerjee.org,86,19,No,0
ORD1983,13-12-2024,14-12-2024,CUST1272,Netra Butala,Home Office,PROD1006,Notebook,Office Supplies,West,Uttarakhand,Pondicherry,1,12362,0,12362.0,4997.68,7364.32,Net Banking,Pending,Ben Ltd,gunbir50@kuruvilla.com,100,24,No,0
ORD1984,29-03-2024,03-04-2024,CUST1088,Shivansh Balasubramanian,Corporate,PROD1015,Rice Bag,Grocery,East,Madhya Pradesh,Muzaffarnagar,10,11182,10,100638.0,8707.28,13565.2,Net Banking,Returned,Mahal-Oza,omyabaral@rajagopal.com,15,28,Yes,49
ORD1985,25-12-2025,28-12-2025,CUST1239,Ayaan Vohra,Corporate,PROD1012,Mouse,Electronics,East,West Bengal,Mehsana,10,6429,5,61075.5,4008.17,20993.8,UPI,Cancelled,Buch and Sons,balizaitra@chada.info,76,29,No,0
ORD1986,07-05-2025,08-05-2025,CUST1203,Wazir Chokshi,Corporate,PROD1012,Mouse,Electronics,East,Odisha,Hosur,8,6429,15,43717.2,4008.17,11651.84,Net Banking,Returned,Buch and Sons,balizaitra@chada.info,76,29,No,0
ORD1987,08-02-2024,12-02-2024,CUST1213,Kavya Nath,Home Office,PROD1015,Rice Bag,Grocery,North,Odisha,Sambhal,10,11182,5,106229.0,8707.28,19156.2,Cash,Returned,Mahal-Oza,omyabaral@rajagopal.com,15,28,Yes,49
ORD1988,10-05-2023,14-05-2023,CUST1277,Hemang Kapur,Consumer,PROD1009,Calculator,Office Supplies,North,Haryana,Guntakal,2,14475,20,23160.0,10128.45,2903.1,Net Banking,Delivered,Majumdar-Kala,ykhanna@anne-rama.net,81,19,No,0
ORD1989,15-02-2025,20-02-2025,CUST1051,Neel Basu,Home Office,PROD1003,Bookshelf,Furniture,West,Andhra Pradesh,Bulandshahr,6,12860,10,69444.0,8267.37,19839.78,Net Banking,Pending,"Mistry, Sarkar and Madan",lataanmol@varughese-lanka.net,69,21,No,0
ORD1990,09-11-2025,14-11-2025,CUST1252,Manya Kari,Consumer,PROD1010,Laptop,Electronics,North,Kerala,Vijayawada,10,6866,15,58361.0,3602.05,22340.5,UPI,Cancelled,Hari-Sehgal,harishrege@karpe.net,15,31,Yes,41
ORD1991,04-06-2023,11-06-2023,CUST1092,Xalak Datta,Corporate,PROD1016,Cooking Oil,Grocery,East,Chhattisgarh,Orai,8,4479,20,28665.6,2868.85,5714.8,Net Banking,Delivered,Mann LLC,gilljhalak@dhaliwal.com,13,25,Yes,47
ORD1992,31-10-2025,06-11-2025,CUST1235,Faras Gola,Home Office,PROD1015,Rice Bag,Grocery,North,Meghalaya,Rajpur Sonarpur,10,11182,20,89456.0,8707.28,2383.2,UPI,Delivered,"Amble, Bhargava and Rau",warindersharaf@ramanathan.com,15,28,Yes,49
ORD1993,30-10-2025,03-11-2025,CUST1238,Ikshita Sandal,Home Office,PROD1012,Mouse,Electronics,West,Tripura,Agra,8,6429,0,51432.0,4008.17,19366.64,Credit Card,Pending,Sethi-Natarajan,dinhredhaan@sodhi-mani.info,76,29,No,0
ORD1994,03-12-2024,07-12-2024,CUST1048,Ikshita Narula,Corporate,PROD1010,Laptop,Electronics,East,Nagaland,Jalgaon,1,6866,20,5492.8,3602.05,1890.75,Cash,Delivered,Sethi-Natarajan,dinhredhaan@sodhi-mani.info,15,31,Yes,41
ORD1995,28-03-2023,04-04-2023,CUST1233,Agastya Yogi,Home Office,PROD1000,Office Chairs,Furniture,North,Uttarakhand,Pondicherry,3,10918,20,26203.2,4093.13,13923.81,Cash,Delivered,Arya-Malhotra,jeremiah96@de.com,11,32,Yes,50
ORD1996,17-03-2024,24-03-2024,CUST1152,Zehaan Ray,Corporate,PROD1000,Office Chairs,Furniture,South,Gujarat,Sambhal,9,10918,5,93348.9,4093.13,56510.73,Credit Card,Cancelled,Khosla and Sons,bhagatcaleb@gaba-ravi.com,11,32,Yes,50
ORD1997,03-06-2025,07-06-2025,CUST1065,Yashasvi Kaul,Corporate,PROD1016,Cooking Oil,Grocery,North,Andhra Pradesh,Karawal Nagar,9,4479,15,34264.35,2868.85,8444.7,UPI,Delivered,Mahal-Oza,omyabaral@rajagopal.com,13,25,Yes,47
ORD1998,18-05-2023,24-05-2023,CUST1211,Manan Singh,Consumer,PROD1003,Bookshelf,Furniture,North,Odisha,Rewa,3,12860,20,30864.0,8267.37,6061.89,Cash,Returned,Arya-Malhotra,jeremiah96@de.com,69,21,No,0
ORD1999,03-07-2025,10-07-2025,CUST1087,Tanay Sem,Consumer,PROD1002,Sofa,Furniture,West,Nagaland,Ramgarh,8,10208,20,65331.2,6313.28,14824.96,Credit Card,Returned,Khosla and Sons,bhagatcaleb@gaba-ravi.com,86,19,No,0
